{
    "perClassFacts": {
        "unique": {
            "Profit": {
                "impact": 22.497770639186978,
                "rank": 1,
                "feature": "Profit",
                "correlation": 0.9983355439552094,
                "type": "NUMERICAL"
            },
            "Target_profit": {
                "impact": 17.023338997500957,
                "rank": 2,
                "feature": "Target_profit",
                "correlation": -0.9885354643103444,
                "type": "NUMERICAL"
            },
            "Target_sales": {
                "impact": 12.34314043298848,
                "rank": 3,
                "feature": "Target_sales",
                "correlation": -0.9861183911410835,
                "type": "NUMERICAL"
            },
            "Sales": {
                "impact": 8.938505214730306,
                "rank": 4,
                "feature": "Sales",
                "correlation": 0.9981582537205334,
                "type": "NUMERICAL"
            },
            "Margin": {
                "impact": 6.738718620718001,
                "rank": 5,
                "feature": "Margin",
                "correlation": 0.9945593378431336,
                "type": "NUMERICAL"
            },
            "State": {
                "impact": 2.8887289999473293,
                "rank": 6,
                "feature": "State",
                "positiveCategoricalValue": "California",
                "negativeCategoricalValue": "Utah",
                "infoGain": 0.6780488171170702,
                "type": "CATEGORICAL"
            },
            "Inventory Margin": {
                "impact": 2.6246023693352454,
                "rank": 7,
                "feature": "Inventory Margin",
                "correlation": -0.9976681582614426,
                "type": "NUMERICAL"
            },
            "Product": {
                "impact": 2.5365142107902727,
                "rank": 8,
                "feature": "Product",
                "positiveCategoricalValue": "Lemon",
                "negativeCategoricalValue": "Caffe Mocha",
                "infoGain": 0.6927915828524811,
                "type": "CATEGORICAL"
            },
            "Total_expenses": {
                "impact": 2.4072510612094833,
                "rank": 9,
                "feature": "Total_expenses",
                "correlation": -0.9935592168524608,
                "type": "NUMERICAL"
            },
            "Cogs": {
                "impact": 1.6718599049292582,
                "rank": 10,
                "feature": "Cogs",
                "correlation": 0.9940620257746446,
                "type": "NUMERICAL"
            },
            "Product_line": {
                "impact": 1.5929348207928944,
                "rank": 11,
                "feature": "Product_line",
                "positiveCategoricalValue": "Leaves",
                "negativeCategoricalValue": "Beans",
                "infoGain": 0.6874474544541733,
                "type": "CATEGORICAL"
            },
            "Product_type": {
                "impact": 1.1518718866605828,
                "rank": 12,
                "feature": "Product_type",
                "positiveCategoricalValue": "Herbal Tea",
                "negativeCategoricalValue": "Espresso",
                "infoGain": 0.6874474544541733,
                "type": "CATEGORICAL"
            },
            "Market": {
                "impact": 0.7196522173815123,
                "rank": 13,
                "feature": "Market",
                "positiveCategoricalValue": "West",
                "negativeCategoricalValue": "Central",
                "infoGain": 0.6859298002523728,
                "type": "CATEGORICAL"
            },
            "Type": {
                "impact": 0.29727651125204796,
                "rank": 15,
                "feature": "Type",
                "positiveCategoricalValue": "Decaf",
                "negativeCategoricalValue": "Regular",
                "infoGain": 0.670215798873117,
                "type": "CATEGORICAL"
            },
            "Area Code": {
                "impact": 0.2771286268673456,
                "rank": 16,
                "feature": "Area Code",
                "correlation": -0.9914080411957685,
                "type": "NUMERICAL"
            },
            "Gender": {
                "impact": 0.04508550464122692,
                "rank": 18,
                "feature": "Gender",
                "positiveCategoricalValue": "Male",
                "negativeCategoricalValue": "Female",
                "infoGain": 0.5799151714181009,
                "type": "CATEGORICAL"
            },
            "CodingHours": {
                "impact": 0.03856533356799361,
                "rank": 19,
                "feature": "CodingHours",
                "correlation": -0.9308980326168577,
                "type": "NUMERICAL"
            },
            "CoffeeCupsPerDay": {
                "impact": 0.0015053900170324621,
                "rank": 20,
                "feature": "CoffeeCupsPerDay",
                "correlation": -0.8996547351721705,
                "type": "NUMERICAL"
            }
        }
    }
}