{
    "startedAt": 1703015439365,
    "gridSize": 3,
    "nThreads": 4,
    "nSplits": 5,
    "metric": "R2",
    "timeout": null,
    "gridPoints": [
        {
            "finishedAt": 1703015589533,
            "score": 0.8387534774688676,
            "testScoreGibMean": 0.8387534774688676,
            "testScoreMean": 0.8387534774688676,
            "testScoreStd": 0.002020073811837056,
            "trainScoreMean": 0.8390449736652934,
            "trainScoreStd": 0.0005503084343295529,
            "time": 383700,
            "fitTimeMean": 75847.4,
            "fitTimeStd": 2063.929514300331,
            "scoreTimeMean": 892.6,
            "scoreTimeStd": 322.8291188848986,
            "parameters": {
                "alpha": 0.1
            }
        },
        {
            "finishedAt": 1703015628870,
            "score": 0.5021343999232215,
            "testScoreGibMean": 0.5021343999232215,
            "testScoreMean": 0.5021343999232215,
            "testScoreStd": 0.005199256130585319,
            "trainScoreMean": 0.5026147927999828,
            "trainScoreStd": 0.0010467368424484013,
            "time": 294086,
            "fitTimeMean": 58442.2,
            "fitTimeStd": 16085.061260685334,
            "scoreTimeMean": 375.0,
            "scoreTimeStd": 152.1735850928143,
            "parameters": {
                "alpha": 1.0
            }
        },
        {
            "finishedAt": 1703015672410,
            "score": 0.34454277322412363,
            "testScoreGibMean": 0.34454277322412363,
            "testScoreMean": 0.34454277322412363,
            "testScoreStd": 0.004846580961236843,
            "trainScoreMean": 0.34489361090231263,
            "trainScoreStd": 0.001195126774679245,
            "time": 208595,
            "fitTimeMean": 41252.6,
            "fitTimeStd": 2196.2812752468662,
            "scoreTimeMean": 466.4,
            "scoreTimeStd": 153.57812344211007,
            "parameters": {
                "alpha": 3.0
            }
        }
    ]
}