[
    {
        "test_score_gib": 0.8388609327739268,
        "train_score": 0.8380297902496716,
        "test_score": 0.8388609327739268,
        "num_samples": 15983,
        "fit_time": 76885,
        "score_time": 981,
        "time": 77866,
        "parameters": {
            "alpha": 0.1
        },
        "done_at": 1703015517246,
        "split_id": 0
    },
    {
        "test_score_gib": 0.8392505073722759,
        "train_score": 0.8395688292289007,
        "test_score": 0.8392505073722759,
        "num_samples": 15983,
        "fit_time": 77408,
        "score_time": 987,
        "time": 78395,
        "parameters": {
            "alpha": 0.1
        },
        "done_at": 1703015517864,
        "split_id": 1
    },
    {
        "test_score_gib": 0.8349961410053366,
        "train_score": 0.8389168070792905,
        "test_score": 0.8349961410053366,
        "num_samples": 15982,
        "fit_time": 76076,
        "score_time": 1405,
        "time": 77481,
        "parameters": {
            "alpha": 0.1
        },
        "done_at": 1703015517066,
        "split_id": 2
    },
    {
        "test_score_gib": 0.8396026611890393,
        "train_score": 0.8393347526504291,
        "test_score": 0.8396026611890393,
        "num_samples": 15982,
        "fit_time": 77055,
        "score_time": 536,
        "time": 77591,
        "parameters": {
            "alpha": 0.1
        },
        "done_at": 1703015517447,
        "split_id": 3
    },
    {
        "test_score_gib": 0.841057107180883,
        "train_score": 0.8393747198607512,
        "test_score": 0.841057107180883,
        "num_samples": 15982,
        "fit_time": 71813,
        "score_time": 554,
        "time": 72367,
        "parameters": {
            "alpha": 0.1
        },
        "done_at": 1703015589533,
        "split_id": 4
    },
    {
        "test_score_gib": 0.5023849707716728,
        "train_score": 0.5012272517738127,
        "test_score": 0.5023849707716728,
        "num_samples": 15983,
        "fit_time": 71880,
        "score_time": 239,
        "time": 72119,
        "parameters": {
            "alpha": 1.0
        },
        "done_at": 1703015589647,
        "split_id": 0
    },
    {
        "test_score_gib": 0.5018484035179789,
        "train_score": 0.5030089941867413,
        "test_score": 0.5018484035179789,
        "num_samples": 15983,
        "fit_time": 71855,
        "score_time": 175,
        "time": 72030,
        "parameters": {
            "alpha": 1.0
        },
        "done_at": 1703015589565,
        "split_id": 1
    },
    {
        "test_score_gib": 0.49293215755297626,
        "train_score": 0.5043724649163472,
        "test_score": 0.49293215755297626,
        "num_samples": 15982,
        "fit_time": 70983,
        "score_time": 481,
        "time": 71464,
        "parameters": {
            "alpha": 1.0
        },
        "done_at": 1703015589477,
        "split_id": 2
    },
    {
        "test_score_gib": 0.5047947181871435,
        "train_score": 0.5021427511720172,
        "test_score": 0.5047947181871435,
        "num_samples": 15982,
        "fit_time": 38580,
        "score_time": 589,
        "time": 39169,
        "parameters": {
            "alpha": 1.0
        },
        "done_at": 1703015628670,
        "split_id": 3
    },
    {
        "test_score_gib": 0.5087117518029274,
        "train_score": 0.5023225641046459,
        "test_score": 0.5087117518029274,
        "num_samples": 15982,
        "fit_time": 38913,
        "score_time": 391,
        "time": 39304,
        "parameters": {
            "alpha": 1.0
        },
        "done_at": 1703015628870,
        "split_id": 4
    },
    {
        "test_score_gib": 0.34353228315342954,
        "train_score": 0.34402168357302565,
        "test_score": 0.34353228315342954,
        "num_samples": 15983,
        "fit_time": 38579,
        "score_time": 301,
        "time": 38880,
        "parameters": {
            "alpha": 3.0
        },
        "done_at": 1703015628592,
        "split_id": 0
    },
    {
        "test_score_gib": 0.3440698700059792,
        "train_score": 0.3452389290814366,
        "test_score": 0.3440698700059792,
        "num_samples": 15983,
        "fit_time": 38554,
        "score_time": 458,
        "time": 39012,
        "parameters": {
            "alpha": 3.0
        },
        "done_at": 1703015628726,
        "split_id": 1
    },
    {
        "test_score_gib": 0.3367136468767077,
        "train_score": 0.34708560943435884,
        "test_score": 0.3367136468767077,
        "num_samples": 15982,
        "fit_time": 43019,
        "score_time": 481,
        "time": 43500,
        "parameters": {
            "alpha": 3.0
        },
        "done_at": 1703015672148,
        "split_id": 2
    },
    {
        "test_score_gib": 0.34679624005582466,
        "train_score": 0.344248946316035,
        "test_score": 0.34679624005582466,
        "num_samples": 15982,
        "fit_time": 43238,
        "score_time": 349,
        "time": 43587,
        "parameters": {
            "alpha": 3.0
        },
        "done_at": 1703015672379,
        "split_id": 3
    },
    {
        "test_score_gib": 0.3516019188451762,
        "train_score": 0.3438729190568478,
        "test_score": 0.3516019188451762,
        "num_samples": 15982,
        "fit_time": 42873,
        "score_time": 743,
        "time": 43616,
        "parameters": {
            "alpha": 3.0
        },
        "done_at": 1703015672410,
        "split_id": 4
    }
]