{
    "modelInputNRows": 79912,
    "modelInputNCols": 185,
    "modelInputIsSparse": false,
    "modelInputMemory": 118269760,
    "usedGridSearch": true,
    "gridSize": 3,
    "gridBestScore": 0.8387534774688676,
    "gridCells": [
        {
            "params": {
                "alpha": 0.1
            },
            "score": 0.8387534774688676,
            "scoreStd": 0.002020073811837056,
            "fitTime": 75.8474,
            "fitTimeStd": 2.063929514300331,
            "scoreTime": 0.8926000000000001,
            "scoreTimeStd": 0.3228291188848986
        },
        {
            "params": {
                "alpha": 1.0
            },
            "score": 0.5021343999232215,
            "scoreStd": 0.005199256130585319,
            "fitTime": 58.4422,
            "fitTimeStd": 16.085061260685332,
            "scoreTime": 0.375,
            "scoreTimeStd": 0.1521735850928143
        },
        {
            "params": {
                "alpha": 3.0
            },
            "score": 0.34454277322412363,
            "scoreStd": 0.004846580961236843,
            "fitTime": 41.2526,
            "fitTimeStd": 2.196281275246866,
            "scoreTime": 0.4664,
            "scoreTimeStd": 0.15357812344211008
        }
    ],
    "lmCoefficients": {
        "variables": [
            "CodingHours",
            "Area Code",
            "Inventory Margin",
            "Target_sales",
            "CoffeeCupsPerDay",
            "Target_profit",
            "Sales",
            "Total_expenses",
            "Cogs",
            "Profit",
            "Margin",
            "dummy:AgeRange:18-29",
            "dummy:AgeRange:30-39",
            "dummy:AgeRange:40-49",
            "dummy:AgeRange:18 -29",
            "dummy:AgeRange:50-59",
            "dummy:Product:Lemon",
            "dummy:Product:Colombian",
            "dummy:Product:Caffe Mocha",
            "dummy:Product:Decaf Espresso",
            "dummy:Product:Decaf Irish Cream",
            "dummy:Product:Chamomile",
            "dummy:Product:Darjeeling",
            "dummy:Product:Green Tea",
            "dummy:Product:Earl Grey",
            "dummy:Product:Caffe Latte",
            "dummy:Product:Mint",
            "dummy:Product:Amaretto",
            "dummy:Gender:Male",
            "dummy:Product_line:Beans",
            "dummy:CodingWithoutCoffee:Sometimes",
            "dummy:CodingWithoutCoffee:Yes",
            "dummy:Market:West",
            "dummy:Market:Central",
            "dummy:Market:East",
            "dummy:CoffeeType:Nescafe",
            "dummy:CoffeeType:American Coffee",
            "dummy:CoffeeType:Turkish",
            "dummy:CoffeeType:Espresso (Short Black)",
            "dummy:CoffeeType:Cappuccino",
            "dummy:CoffeeType:Caff\u00e8 latte",
            "dummy:CoffeeType:Double Espresso (Doppio)",
            "dummy:CoffeeType:Americano",
            "dummy:CoffeeType:N/A",
            "dummy:Date:10/1/2012",
            "dummy:Date:3/29/2015",
            "dummy:Date:2/19/2013",
            "dummy:Date:8/2/2014",
            "dummy:Date:10/22/2014",
            "dummy:Date:10/28/2012",
            "dummy:Date:12/1/2012",
            "dummy:Date:8/30/2014",
            "dummy:Date:11/14/2012",
            "dummy:Date:6/5/2013",
            "dummy:Date:2/20/2015",
            "dummy:Date:12/29/2014",
            "dummy:Date:5/6/2015",
            "dummy:Date:11/13/2012",
            "dummy:Date:10/6/2012",
            "dummy:Date:3/7/2013",
            "dummy:Date:2/20/2014",
            "dummy:Date:1/18/2014",
            "dummy:Date:10/20/2012",
            "dummy:Date:6/19/2013",
            "dummy:Date:2/25/2015",
            "dummy:Date:3/6/2015",
            "dummy:Date:4/29/2014",
            "dummy:Date:5/16/2015",
            "dummy:Date:12/5/2013",
            "dummy:Date:6/3/2013",
            "dummy:Date:12/29/2013",
            "dummy:Date:2/9/2013",
            "dummy:Date:6/4/2014",
            "dummy:Date:12/11/2014",
            "dummy:Date:5/9/2015",
            "dummy:Date:4/2/2014",
            "dummy:Date:8/2/2013",
            "dummy:Date:12/20/2012",
            "dummy:Date:1/28/2014",
            "dummy:Date:5/6/2014",
            "dummy:Date:12/25/2013",
            "dummy:Date:10/17/2012",
            "dummy:Date:7/13/2014",
            "dummy:Date:12/8/2014",
            "dummy:Date:7/4/2014",
            "dummy:Date:7/25/2013",
            "dummy:Date:1/17/2013",
            "dummy:Date:11/17/2013",
            "dummy:Date:1/14/2015",
            "dummy:Date:3/3/2014",
            "dummy:Date:3/31/2015",
            "dummy:Date:9/6/2014",
            "dummy:Date:3/16/2013",
            "dummy:Date:1/15/2013",
            "dummy:Date:12/31/2012",
            "dummy:Date:4/9/2015",
            "dummy:Date:7/20/2013",
            "dummy:Date:10/9/2013",
            "dummy:Date:11/21/2014",
            "dummy:Date:6/27/2013",
            "dummy:Date:11/25/2012",
            "dummy:Date:5/17/2014",
            "dummy:Date:11/9/2012",
            "dummy:Date:5/21/2013",
            "dummy:Date:11/7/2013",
            "dummy:Date:7/22/2014",
            "dummy:Date:11/29/2014",
            "dummy:Date:10/25/2014",
            "dummy:Date:12/14/2013",
            "dummy:Date:7/30/2013",
            "dummy:Date:8/13/2015",
            "dummy:Date:6/17/2014",
            "dummy:Date:6/15/2013",
            "dummy:Date:12/6/2014",
            "dummy:Date:11/12/2013",
            "dummy:Date:3/13/2014",
            "dummy:Date:1/21/2015",
            "dummy:Date:3/15/2013",
            "dummy:Date:1/3/2013",
            "dummy:Date:4/11/2013",
            "dummy:Date:3/30/2013",
            "dummy:Date:9/6/2013",
            "dummy:Date:9/1/2014",
            "dummy:Date:2/26/2013",
            "dummy:Date:3/29/2013",
            "dummy:Date:10/25/2012",
            "dummy:Date:11/30/2013",
            "dummy:Date:7/30/2015",
            "dummy:Date:1/19/2013",
            "dummy:Date:1/2/2013",
            "dummy:Date:12/7/2013",
            "dummy:Date:6/12/2014",
            "dummy:Date:4/3/2014",
            "dummy:Date:10/27/2013",
            "dummy:Date:2/21/2015",
            "dummy:Date:8/12/2015",
            "dummy:Date:12/12/2013",
            "dummy:Date:12/12/2014",
            "dummy:Date:8/13/2013",
            "dummy:Date:12/13/2013",
            "dummy:Date:9/26/2013",
            "dummy:Date:10/28/2013",
            "dummy:Date:3/28/2014",
            "dummy:Date:9/19/2013",
            "dummy:Date:3/14/2015",
            "dummy:Product_type:Espresso",
            "dummy:Product_type:Herbal Tea",
            "dummy:Product_type:Coffee",
            "dummy:CoffeeTime:While coding",
            "dummy:CoffeeTime:Before coding",
            "dummy:CoffeeTime:All the time",
            "dummy:CoffeeTime:Before and while coding",
            "dummy:CoffeeTime:In the morning",
            "dummy:CoffeeTime:After coding",
            "dummy:Type:Regular",
            "dummy:State:California",
            "dummy:State:Utah",
            "dummy:State:Colorado",
            "dummy:State:Oregon",
            "dummy:State:Nevada",
            "dummy:State:Washington",
            "dummy:State:Missouri",
            "dummy:State:Florida",
            "dummy:State:Ohio",
            "dummy:State:Wisconsin",
            "dummy:State:Illinois",
            "dummy:State:Iowa",
            "dummy:State:New York",
            "dummy:State:Connecticut",
            "dummy:State:New Mexico",
            "dummy:State:Texas",
            "dummy:State:New Hampshire",
            "dummy:State:Oklahoma",
            "dummy:State:Louisiana"
        ],
        "coefs": [
            -0.05089229026103777,
            -0.3365567397538522,
            -5.151779579332212,
            -16.116633628579116,
            -0.001731744907977135,
            -25.552962620164802,
            12.413915746180406,
            -3.186445272209557,
            2.3792298936022456,
            39.43143614883725,
            10.220210054209039,
            -0.008245731467923087,
            -0.11001164871557764,
            0.03837246421885933,
            -0.5034788294784052,
            0.10585771655583645,
            1.3326675194149433,
            -4.957569254613512,
            -2.9898735401153176,
            0.3193986333832462,
            0.5042790336647649,
            -0.5658283059206829,
            4.688898373920321,
            -2.6656819403338683,
            8.030289885205068,
            3.365039253871588,
            -0.21768348737997123,
            1.5725235663158625,
            0.11619975422996606,
            -3.213289713810308,
            -0.03384143445030925,
            0.016786592304961448,
            0.688283132962323,
            -1.1671932973760457,
            0.5789609764419374,
            -0.01502692028437079,
            0.05509804604582403,
            0.011600449294514488,
            -0.10489746157121133,
            -0.2548671000625441,
            0.23141439645128378,
            -0.12120324616997562,
            0.24910909374391843,
            -0.0729595675089623,
            -15.764287243304263,
            -22.572960277555577,
            12.355512054080679,
            -2.096810053973634,
            4.90202394610261,
            0.8822504022347806,
            -4.43565203954381,
            21.321371512755075,
            -3.2126866149127977,
            -4.646460785057835,
            30.416138796715305,
            9.849231769402035,
            32.222923575977845,
            2.511054882840803,
            -13.84207032303865,
            -1.5051022407872041,
            -21.139173845307667,
            -5.537274733060134,
            -10.37008773780469,
            1.0214073635715852,
            13.811134827856645,
            -34.0828595083827,
            -15.395047440855663,
            0.2004193949539071,
            -1.6398970093301577,
            1.1305181665244888,
            3.3849404277927206,
            1.7258223610953625,
            41.94796660177715,
            -7.540919796439995,
            0.8585517752087406,
            7.448980585488526,
            3.636440409562972,
            2.916551932326251,
            -1.0086482444582292,
            -6.249346285796962,
            11.317236741659867,
            -10.4090161989355,
            -9.86881449030401,
            -1.5792259682225605,
            -13.448648758784307,
            -9.730422678654623,
            7.774701660820884,
            3.798003402314835,
            5.098360237597231,
            1.3904246691526605,
            -30.095003759380564,
            3.6535587417670574,
            -7.178107830496288,
            9.13654250199167,
            -2.0383107503393574,
            21.232972629728344,
            -6.573718302430037,
            2.3315492519000265,
            -36.18167644358627,
            -2.979231483465909,
            -3.0401912862739864,
            -0.3840646024794237,
            4.430039427525108,
            5.040891215734663,
            0.6580135895211038,
            6.98784480501076,
            4.573000328845996,
            -27.00099690112283,
            1.3922902286282928,
            -5.303977146396921,
            12.326554879143494,
            5.631294410556526,
            -2.724006311077489,
            10.113295485950877,
            14.203189370319958,
            -2.74583721572825,
            35.87159777425442,
            7.922373528999354,
            7.752631197756859,
            10.780958578626779,
            0.8490560425604184,
            -11.205412250279073,
            45.12132285151901,
            -10.301607056792419,
            -2.1626537900612495,
            6.361962135314784,
            -4.001014676928343,
            25.104789599197094,
            11.310652441650136,
            23.09346195909904,
            -12.75563733640682,
            20.162745017497375,
            12.458623481498769,
            16.40206430641101,
            18.73413633069894,
            13.230515945260448,
            -10.562757295989096,
            -14.561552913111951,
            -3.9899149663902467,
            -10.860023690536298,
            0.8550812973540487,
            -4.033425882769003,
            4.788262340328073,
            -5.1155282554294095,
            -19.708504961834805,
            -2.058223509662311,
            0.41841026472632037,
            -2.0841368537470872,
            -0.002064603681595497,
            -0.0439328549374467,
            -0.043373295694377284,
            0.01718949401058612,
            -0.16785262737433831,
            -0.23582715235652435,
            -0.5996702082814301,
            4.537886509029386,
            -3.952212819474076,
            -1.325244335571646,
            -1.9225553019932526,
            5.415572758071823,
            -1.7579824219805091,
            -1.6396630918941284,
            1.4899073415158497,
            -3.0756782473868474,
            -1.7642723983607966,
            -5.599105989463704,
            8.48179238484649,
            5.411426430183483,
            0.44071554401710916,
            0.17456125095628974,
            -2.145144976296161,
            -2.580864426343088,
            1.3584156348234615,
            0.8213386711238201
        ],
        "interceptStderr": null,
        "interceptTstat": null,
        "interceptPvalue": null,
        "interceptCoef": 2.818758447518265,
        "rescaledCoefs": [
            -0.019592223921963837,
            -0.0014957459941285244,
            -0.005606939436168865,
            -0.11061218903528841,
            -0.0010613296792389294,
            -0.32855131878861826,
            0.08381944124840872,
            -0.10043604227342641,
            0.03669138115405948,
            0.39291650900456454,
            0.11197121543412022,
            -0.008245731467923087,
            -0.11001164871557764,
            0.03837246421885933,
            -0.5034788294784052,
            0.10585771655583645,
            1.3326675194149433,
            -4.957569254613512,
            -2.9898735401153176,
            0.3193986333832462,
            0.5042790336647649,
            -0.5658283059206829,
            4.688898373920321,
            -2.6656819403338683,
            8.030289885205068,
            3.365039253871588,
            -0.21768348737997123,
            1.5725235663158625,
            0.11619975422996606,
            -3.213289713810308,
            -0.03384143445030925,
            0.016786592304961448,
            0.688283132962323,
            -1.1671932973760457,
            0.5789609764419374,
            -0.01502692028437079,
            0.05509804604582403,
            0.011600449294514488,
            -0.10489746157121133,
            -0.2548671000625441,
            0.23141439645128378,
            -0.12120324616997562,
            0.24910909374391843,
            -0.0729595675089623,
            -15.764287243304263,
            -22.572960277555577,
            12.355512054080679,
            -2.096810053973634,
            4.90202394610261,
            0.8822504022347806,
            -4.43565203954381,
            21.321371512755075,
            -3.2126866149127977,
            -4.646460785057835,
            30.416138796715305,
            9.849231769402035,
            32.222923575977845,
            2.511054882840803,
            -13.84207032303865,
            -1.5051022407872041,
            -21.139173845307667,
            -5.537274733060134,
            -10.37008773780469,
            1.0214073635715852,
            13.811134827856645,
            -34.0828595083827,
            -15.395047440855663,
            0.2004193949539071,
            -1.6398970093301577,
            1.1305181665244888,
            3.3849404277927206,
            1.7258223610953625,
            41.94796660177715,
            -7.540919796439995,
            0.8585517752087406,
            7.448980585488526,
            3.636440409562972,
            2.916551932326251,
            -1.0086482444582292,
            -6.249346285796962,
            11.317236741659867,
            -10.4090161989355,
            -9.86881449030401,
            -1.5792259682225605,
            -13.448648758784307,
            -9.730422678654623,
            7.774701660820884,
            3.798003402314835,
            5.098360237597231,
            1.3904246691526605,
            -30.095003759380564,
            3.6535587417670574,
            -7.178107830496288,
            9.13654250199167,
            -2.0383107503393574,
            21.232972629728344,
            -6.573718302430037,
            2.3315492519000265,
            -36.18167644358627,
            -2.979231483465909,
            -3.0401912862739864,
            -0.3840646024794237,
            4.430039427525108,
            5.040891215734663,
            0.6580135895211038,
            6.98784480501076,
            4.573000328845996,
            -27.00099690112283,
            1.3922902286282928,
            -5.303977146396921,
            12.326554879143494,
            5.631294410556526,
            -2.724006311077489,
            10.113295485950877,
            14.203189370319958,
            -2.74583721572825,
            35.87159777425442,
            7.922373528999354,
            7.752631197756859,
            10.780958578626779,
            0.8490560425604184,
            -11.205412250279073,
            45.12132285151901,
            -10.301607056792419,
            -2.1626537900612495,
            6.361962135314784,
            -4.001014676928343,
            25.104789599197094,
            11.310652441650136,
            23.09346195909904,
            -12.75563733640682,
            20.162745017497375,
            12.458623481498769,
            16.40206430641101,
            18.73413633069894,
            13.230515945260448,
            -10.562757295989096,
            -14.561552913111951,
            -3.9899149663902467,
            -10.860023690536298,
            0.8550812973540487,
            -4.033425882769003,
            4.788262340328073,
            -5.1155282554294095,
            -19.708504961834805,
            -2.058223509662311,
            0.41841026472632037,
            -2.0841368537470872,
            -0.002064603681595497,
            -0.0439328549374467,
            -0.043373295694377284,
            0.01718949401058612,
            -0.16785262737433831,
            -0.23582715235652435,
            -0.5996702082814301,
            4.537886509029386,
            -3.952212819474076,
            -1.325244335571646,
            -1.9225553019932526,
            5.415572758071823,
            -1.7579824219805091,
            -1.6396630918941284,
            1.4899073415158497,
            -3.0756782473868474,
            -1.7642723983607966,
            -5.599105989463704,
            8.48179238484649,
            5.411426430183483,
            0.44071554401710916,
            0.17456125095628974,
            -2.145144976296161,
            -2.580864426343088,
            1.3584156348234615,
            0.8213386711238201
        ],
        "rescaledInterceptCoef": -2.085897416762437
    }
}