{
    "metrics": {
        "evs": 0.8344224759216596,
        "mape": 1.024885164882842,
        "mae": 11.579155347431284,
        "mse": 328.42252946861146,
        "rmse": 18.122431665441905,
        "rmsle": 0,
        "r2": 0.8344224239111719,
        "pearson": 0.9360754632421175,
        "customMetricsResults": []
    },
    "processed_feature_names": [
        "CodingHours",
        "Area Code",
        "Inventory Margin",
        "Target_sales",
        "CoffeeCupsPerDay",
        "Target_profit",
        "Sales",
        "Total_expenses",
        "Cogs",
        "Profit",
        "Margin",
        "dummy:AgeRange:18-29",
        "dummy:AgeRange:30-39",
        "dummy:AgeRange:40-49",
        "dummy:AgeRange:18 -29",
        "dummy:AgeRange:50-59",
        "dummy:AgeRange:N/A",
        "dummy:Product:Lemon",
        "dummy:Product:Colombian",
        "dummy:Product:Caffe Mocha",
        "dummy:Product:Decaf Espresso",
        "dummy:Product:Decaf Irish Cream",
        "dummy:Product:Chamomile",
        "dummy:Product:Darjeeling",
        "dummy:Product:Green Tea",
        "dummy:Product:Earl Grey",
        "dummy:Product:Caffe Latte",
        "dummy:Product:Mint",
        "dummy:Product:Amaretto",
        "dummy:Product:N/A",
        "dummy:Gender:Male",
        "dummy:Gender:N/A",
        "dummy:Product_line:Beans",
        "dummy:Product_line:N/A",
        "dummy:CodingWithoutCoffee:Sometimes",
        "dummy:CodingWithoutCoffee:Yes",
        "dummy:CodingWithoutCoffee:N/A",
        "dummy:Market:West",
        "dummy:Market:Central",
        "dummy:Market:East",
        "dummy:Market:N/A",
        "dummy:CoffeeType:Nescafe",
        "dummy:CoffeeType:American Coffee",
        "dummy:CoffeeType:Turkish",
        "dummy:CoffeeType:Espresso (Short Black)",
        "dummy:CoffeeType:Cappuccino",
        "dummy:CoffeeType:Caff\u00e8 latte",
        "dummy:CoffeeType:Double Espresso (Doppio)",
        "dummy:CoffeeType:Americano",
        "dummy:CoffeeType:N/A",
        "dummy:Date:10/1/2012",
        "dummy:Date:3/29/2015",
        "dummy:Date:2/19/2013",
        "dummy:Date:8/2/2014",
        "dummy:Date:10/22/2014",
        "dummy:Date:10/28/2012",
        "dummy:Date:12/1/2012",
        "dummy:Date:8/30/2014",
        "dummy:Date:11/14/2012",
        "dummy:Date:6/5/2013",
        "dummy:Date:2/20/2015",
        "dummy:Date:12/29/2014",
        "dummy:Date:5/6/2015",
        "dummy:Date:11/13/2012",
        "dummy:Date:10/6/2012",
        "dummy:Date:3/7/2013",
        "dummy:Date:2/20/2014",
        "dummy:Date:1/18/2014",
        "dummy:Date:10/20/2012",
        "dummy:Date:6/19/2013",
        "dummy:Date:2/25/2015",
        "dummy:Date:3/6/2015",
        "dummy:Date:4/29/2014",
        "dummy:Date:5/16/2015",
        "dummy:Date:12/5/2013",
        "dummy:Date:6/3/2013",
        "dummy:Date:12/29/2013",
        "dummy:Date:2/9/2013",
        "dummy:Date:6/4/2014",
        "dummy:Date:12/11/2014",
        "dummy:Date:5/9/2015",
        "dummy:Date:4/2/2014",
        "dummy:Date:8/2/2013",
        "dummy:Date:12/20/2012",
        "dummy:Date:1/28/2014",
        "dummy:Date:5/6/2014",
        "dummy:Date:12/25/2013",
        "dummy:Date:10/17/2012",
        "dummy:Date:7/13/2014",
        "dummy:Date:12/8/2014",
        "dummy:Date:7/4/2014",
        "dummy:Date:7/25/2013",
        "dummy:Date:1/17/2013",
        "dummy:Date:11/17/2013",
        "dummy:Date:1/14/2015",
        "dummy:Date:3/3/2014",
        "dummy:Date:3/31/2015",
        "dummy:Date:9/6/2014",
        "dummy:Date:3/16/2013",
        "dummy:Date:1/15/2013",
        "dummy:Date:12/31/2012",
        "dummy:Date:4/9/2015",
        "dummy:Date:7/20/2013",
        "dummy:Date:10/9/2013",
        "dummy:Date:11/21/2014",
        "dummy:Date:6/27/2013",
        "dummy:Date:11/25/2012",
        "dummy:Date:5/17/2014",
        "dummy:Date:11/9/2012",
        "dummy:Date:5/21/2013",
        "dummy:Date:11/7/2013",
        "dummy:Date:7/22/2014",
        "dummy:Date:11/29/2014",
        "dummy:Date:10/25/2014",
        "dummy:Date:12/14/2013",
        "dummy:Date:7/30/2013",
        "dummy:Date:8/13/2015",
        "dummy:Date:6/17/2014",
        "dummy:Date:6/15/2013",
        "dummy:Date:12/6/2014",
        "dummy:Date:11/12/2013",
        "dummy:Date:3/13/2014",
        "dummy:Date:1/21/2015",
        "dummy:Date:3/15/2013",
        "dummy:Date:1/3/2013",
        "dummy:Date:4/11/2013",
        "dummy:Date:3/30/2013",
        "dummy:Date:9/6/2013",
        "dummy:Date:9/1/2014",
        "dummy:Date:2/26/2013",
        "dummy:Date:3/29/2013",
        "dummy:Date:10/25/2012",
        "dummy:Date:11/30/2013",
        "dummy:Date:7/30/2015",
        "dummy:Date:1/19/2013",
        "dummy:Date:1/2/2013",
        "dummy:Date:12/7/2013",
        "dummy:Date:6/12/2014",
        "dummy:Date:4/3/2014",
        "dummy:Date:10/27/2013",
        "dummy:Date:2/21/2015",
        "dummy:Date:8/12/2015",
        "dummy:Date:12/12/2013",
        "dummy:Date:12/12/2014",
        "dummy:Date:8/13/2013",
        "dummy:Date:12/13/2013",
        "dummy:Date:9/26/2013",
        "dummy:Date:10/28/2013",
        "dummy:Date:3/28/2014",
        "dummy:Date:9/19/2013",
        "dummy:Date:3/14/2015",
        "dummy:Date:N/A",
        "dummy:Product_type:Espresso",
        "dummy:Product_type:Herbal Tea",
        "dummy:Product_type:Coffee",
        "dummy:Product_type:N/A",
        "dummy:CoffeeTime:While coding",
        "dummy:CoffeeTime:Before coding",
        "dummy:CoffeeTime:All the time",
        "dummy:CoffeeTime:Before and while coding",
        "dummy:CoffeeTime:In the morning",
        "dummy:CoffeeTime:After coding",
        "dummy:CoffeeTime:N/A",
        "dummy:Type:Regular",
        "dummy:Type:N/A",
        "dummy:State:California",
        "dummy:State:Utah",
        "dummy:State:Colorado",
        "dummy:State:Oregon",
        "dummy:State:Nevada",
        "dummy:State:Washington",
        "dummy:State:Missouri",
        "dummy:State:Florida",
        "dummy:State:Ohio",
        "dummy:State:Wisconsin",
        "dummy:State:Illinois",
        "dummy:State:Iowa",
        "dummy:State:New York",
        "dummy:State:Connecticut",
        "dummy:State:New Mexico",
        "dummy:State:Texas",
        "dummy:State:New Hampshire",
        "dummy:State:Oklahoma",
        "dummy:State:Louisiana",
        "dummy:State:N/A"
    ],
    "regression_performance": {
        "error_distribution": [
            {
                "bin_id": 0,
                "bin_min": -42.5827642208963,
                "bin_max": -33.90981678776943,
                "count": 566
            },
            {
                "bin_id": 1,
                "bin_min": -33.90981678776943,
                "bin_max": -25.32274012130717,
                "count": 360
            },
            {
                "bin_id": 2,
                "bin_min": -25.32274012130717,
                "bin_max": -16.735663454844914,
                "count": 1278
            },
            {
                "bin_id": 3,
                "bin_min": -16.735663454844914,
                "bin_max": -8.148586788382659,
                "count": 2352
            },
            {
                "bin_id": 4,
                "bin_min": -8.148586788382659,
                "bin_max": 0.4384898780795936,
                "count": 5887
            },
            {
                "bin_id": 5,
                "bin_min": 0.4384898780795936,
                "bin_max": 9.025566544541853,
                "count": 5416
            },
            {
                "bin_id": 6,
                "bin_min": 9.025566544541853,
                "bin_max": 17.612643211004112,
                "count": 2231
            },
            {
                "bin_id": 7,
                "bin_min": 17.612643211004112,
                "bin_max": 26.199719877466364,
                "count": 839
            },
            {
                "bin_id": 8,
                "bin_min": 26.199719877466364,
                "bin_max": 34.78679654392862,
                "count": 472
            },
            {
                "bin_id": 9,
                "bin_min": 34.78679654392862,
                "bin_max": 43.37387321039088,
                "count": 687
            }
        ],
        "raw_min_error": -143.13346217095847,
        "min_error": -42.49689345423168,
        "p25_error": -6.917581125570617,
        "median_error": 0.104378661786928,
        "average_error": 0.296534595518227,
        "std_error": 15.336783657720554,
        "p75_error": 7.244276399577485,
        "p90_error": 17.55777311360164,
        "max_error": 43.37387321039088,
        "raw_max_error": 88.97612122609539
    },
    "scatterPlotData": {
        "x": [
            -23.0,
            -9.0,
            -9.0,
            31.0,
            -19.0,
            -1.0,
            2.0,
            14.0,
            26.0,
            8.0,
            -7.0,
            1.0,
            4.0,
            19.0,
            -18.0,
            3.0,
            94.0,
            -9.0,
            -11.0,
            -17.0,
            -1.0,
            -4.0,
            112.0,
            -22.0,
            4.0,
            -5.0,
            -74.0,
            -14.0,
            -10.0,
            -18.0,
            -1.0,
            -6.0,
            -11.0,
            3.0,
            -37.0,
            -75.0,
            -17.0,
            67.0,
            -42.0,
            143.0,
            -25.0,
            -23.0,
            2.0,
            -7.0,
            47.0,
            -4.0,
            -7.0,
            64.0,
            -4.0,
            -2.0,
            -26.0,
            -30.0,
            42.0,
            -4.0,
            133.0,
            -16.0,
            13.0,
            -13.0,
            -15.0,
            1.0,
            -2.0,
            -1.0,
            2.0,
            6.0,
            16.0,
            -6.0,
            16.0,
            -7.0,
            -4.0,
            31.0,
            110.0,
            54.0,
            -30.0,
            -4.0,
            -53.0,
            -5.0,
            -2.0,
            40.0,
            -5.0,
            8.0,
            -22.0,
            -98.0,
            -16.0,
            -2.0,
            133.0,
            -20.0,
            -6.0,
            -15.0,
            -39.0,
            -69.0,
            -13.0,
            16.0,
            -17.0,
            -23.0,
            -7.0,
            181.0,
            -22.0,
            2.0,
            -14.0,
            16.0,
            196.0,
            20.0,
            24.0,
            -29.0,
            16.0,
            -1.0,
            -31.0,
            -6.0,
            1.0,
            59.0,
            -6.0,
            -11.0,
            18.0,
            10.0,
            52.0,
            -12.0,
            -29.0,
            41.0,
            2.0,
            5.0,
            34.0,
            41.0,
            -11.0,
            -15.0,
            -15.0,
            8.0,
            1.0,
            -3.0,
            41.0,
            -6.0,
            1.0,
            20.0,
            -88.0,
            5.0,
            16.0,
            -4.0,
            -30.0,
            -13.0,
            -10.0,
            -26.0,
            -1.0,
            -65.0,
            -3.0,
            -16.0,
            -37.0,
            -13.0,
            36.0,
            -11.0,
            13.0,
            26.0,
            -9.0,
            6.0,
            -19.0,
            -11.0,
            118.0,
            -2.0,
            -13.0,
            -1.0,
            24.0,
            -33.0,
            120.0,
            -22.0,
            4.0,
            -1.0,
            -14.0,
            13.0,
            -14.0,
            -22.0,
            19.0,
            44.0,
            23.0,
            -5.0,
            -1.0,
            -28.0,
            -4.0,
            -11.0,
            24.0,
            -53.0,
            137.0,
            23.0,
            -6.0,
            -75.0,
            -11.0,
            -18.0,
            -13.0,
            -2.0,
            1.0,
            0.0,
            -9.0,
            -7.0,
            -20.0,
            -34.0,
            -22.0,
            51.0,
            9.0,
            5.0,
            5.0,
            -74.0,
            4.0,
            27.0,
            2.0,
            42.0,
            9.0,
            -151.0,
            29.0,
            15.0,
            3.0,
            7.0,
            -14.0,
            5.0,
            -44.0,
            -8.0,
            5.0,
            -5.0,
            13.0,
            1.0,
            -9.0,
            5.0,
            8.0,
            -14.0,
            40.0,
            6.0,
            0.0,
            10.0,
            23.0,
            30.0,
            20.0,
            45.0,
            -35.0,
            14.0,
            -16.0,
            -14.0,
            -66.0,
            29.0,
            -8.0,
            15.0,
            42.0,
            -16.0,
            16.0,
            0.0,
            -3.0,
            -29.0,
            -49.0,
            -33.0,
            -9.0,
            36.0,
            -10.0,
            -5.0,
            0.0,
            -1.0,
            19.0,
            47.0,
            152.0,
            -12.0,
            42.0,
            45.0,
            -18.0,
            -151.0,
            -23.0,
            12.0,
            -22.0,
            -5.0,
            -6.0,
            -24.0,
            -32.0,
            -37.0,
            -10.0,
            -13.0,
            18.0,
            -24.0,
            20.0,
            -3.0,
            -12.0,
            -16.0,
            2.0,
            -50.0,
            8.0,
            -10.0,
            -63.0,
            -2.0,
            -9.0,
            0.0,
            2.0,
            -17.0,
            -30.0,
            71.0,
            -16.0,
            -4.0,
            3.0,
            6.0,
            7.0,
            -16.0,
            -3.0,
            5.0,
            78.0,
            9.0,
            -1.0,
            16.0,
            -12.0,
            22.0,
            -26.0,
            -14.0,
            2.0,
            25.0,
            -20.0,
            41.0,
            -2.0,
            -33.0,
            15.0,
            122.0,
            -69.0,
            8.0,
            -5.0,
            -24.0,
            -4.0,
            -15.0,
            -6.0,
            61.0,
            -4.0,
            3.0,
            -34.0,
            10.0,
            -16.0,
            31.0,
            -18.0,
            -23.0,
            19.0,
            -32.0,
            10.0,
            -1.0,
            24.0,
            -18.0,
            33.0,
            111.0,
            9.0,
            -6.0,
            89.0,
            6.0,
            10.0,
            -19.0,
            -1.0,
            -32.0,
            -37.0,
            -11.0,
            22.0,
            59.0,
            45.0,
            31.0,
            1.0,
            -9.0,
            -34.0,
            7.0,
            -8.0,
            3.0,
            -22.0,
            13.0,
            18.0,
            -24.0,
            -4.0,
            -1.0,
            -37.0,
            23.0,
            -15.0,
            -8.0,
            196.0,
            -23.0,
            -88.0,
            7.0,
            4.0,
            -33.0,
            20.0,
            -57.0,
            3.0,
            16.0,
            4.0,
            -24.0,
            -13.0,
            -12.0,
            -54.0,
            -3.0,
            -79.0,
            -22.0,
            -2.0,
            16.0,
            3.0,
            -19.0,
            16.0,
            -8.0,
            -3.0,
            13.0,
            21.0,
            -40.0,
            18.0,
            -58.0,
            8.0,
            -12.0,
            -5.0,
            10.0,
            -2.0,
            -6.0,
            -9.0,
            13.0,
            -35.0,
            4.0,
            16.0,
            -3.0,
            -2.0,
            0.0,
            -60.0,
            -15.0,
            -11.0,
            -11.0,
            -23.0,
            -35.0,
            16.0,
            -9.0,
            -12.0,
            8.0,
            -12.0,
            122.0,
            -17.0,
            14.0,
            0.0,
            -14.0,
            -41.0,
            -75.0,
            -12.0,
            119.0,
            41.0,
            13.0,
            -30.0,
            -19.0,
            -71.0,
            -13.0,
            -5.0,
            -1.0,
            16.0,
            43.0,
            -27.0,
            -19.0,
            -11.0,
            -14.0,
            73.0,
            -58.0,
            -5.0,
            -9.0,
            29.0,
            14.0,
            6.0,
            16.0,
            -4.0,
            -22.0,
            -7.0,
            -110.0,
            2.0,
            -10.0,
            33.0,
            -14.0,
            -3.0,
            7.0,
            -23.0,
            -6.0,
            30.0,
            8.0,
            -4.0,
            -5.0,
            -19.0,
            -79.0,
            -63.0,
            -3.0,
            -98.0,
            -3.0,
            13.0,
            -1.0,
            47.0,
            8.0,
            -6.0,
            -28.0,
            -22.0,
            -8.0,
            6.0,
            -11.0,
            -3.0,
            47.0,
            3.0,
            21.0,
            35.0,
            13.0,
            -22.0,
            17.0,
            -16.0,
            9.0,
            99.0,
            -10.0,
            4.0,
            20.0,
            4.0,
            94.0,
            -3.0,
            -13.0,
            -20.0,
            -9.0,
            0.0,
            4.0,
            4.0,
            -18.0,
            6.0,
            -2.0,
            -4.0,
            -49.0,
            -24.0,
            -13.0,
            -5.0,
            -18.0,
            -6.0,
            -15.0,
            -33.0,
            13.0,
            -10.0,
            4.0,
            -41.0,
            -35.0,
            -6.0,
            30.0,
            -14.0,
            -22.0,
            -8.0,
            5.0,
            -3.0,
            -8.0,
            6.0,
            5.0,
            16.0,
            25.0,
            31.0,
            -4.0,
            36.0,
            2.0,
            21.0,
            -39.0,
            -16.0,
            -13.0,
            -88.0,
            -1.0,
            1.0,
            -16.0,
            13.0,
            -4.0,
            -12.0,
            -151.0,
            -54.0,
            -4.0,
            -10.0,
            -11.0,
            -36.0,
            -40.0,
            13.0,
            -36.0,
            6.0,
            1.0,
            -4.0,
            31.0,
            -11.0,
            -18.0,
            -35.0,
            -98.0,
            1.0,
            -3.0,
            -10.0,
            42.0,
            18.0,
            -11.0,
            -5.0,
            -1.0,
            -14.0,
            27.0,
            -2.0,
            -10.0,
            -41.0,
            -12.0,
            -10.0,
            -8.0,
            14.0,
            -16.0,
            -31.0,
            -53.0,
            -8.0,
            4.0,
            5.0,
            2.0,
            -57.0,
            5.0,
            36.0,
            18.0,
            22.0,
            -10.0,
            61.0,
            -28.0,
            12.0,
            -28.0,
            1.0,
            75.0,
            -12.0,
            2.0,
            -34.0,
            7.0,
            2.0,
            -34.0,
            -22.0,
            -22.0,
            -18.0,
            26.0,
            -6.0,
            -14.0,
            118.0,
            -10.0,
            -16.0,
            6.0,
            20.0,
            -42.0,
            -32.0,
            62.0,
            -29.0,
            -3.0,
            -3.0,
            1.0,
            -1.0,
            -6.0,
            7.0,
            -16.0,
            -11.0,
            -13.0,
            -11.0,
            -58.0,
            -14.0,
            26.0,
            -15.0,
            118.0,
            -12.0,
            -13.0,
            -4.0,
            25.0,
            151.0,
            8.0,
            45.0,
            45.0,
            -56.0,
            5.0,
            -10.0,
            -3.0,
            9.0,
            -10.0,
            -8.0,
            -10.0,
            -26.0,
            -13.0,
            -8.0,
            81.0,
            -43.0,
            -36.0,
            46.0,
            9.0,
            -11.0,
            36.0,
            -10.0,
            36.0,
            -8.0,
            -13.0,
            -14.0,
            -23.0,
            2.0,
            45.0,
            -27.0,
            13.0,
            28.0,
            -24.0,
            -15.0,
            -30.0,
            -29.0,
            15.0,
            -35.0,
            -5.0,
            -55.0,
            -49.0,
            -13.0,
            6.0,
            39.0,
            -27.0,
            15.0,
            -74.0,
            -22.0,
            18.0,
            -24.0,
            67.0,
            -7.0,
            -11.0,
            64.0,
            -8.0,
            3.0,
            -7.0,
            1.0,
            5.0,
            19.0,
            16.0,
            -3.0,
            10.0,
            0.0,
            -24.0,
            -9.0,
            2.0,
            -30.0,
            7.0,
            -5.0,
            -22.0,
            1.0,
            5.0,
            0.0,
            -2.0,
            -130.0,
            20.0,
            3.0,
            -8.0,
            45.0,
            -7.0,
            1.0,
            48.0,
            -13.0,
            16.0,
            -30.0,
            63.0,
            -15.0,
            -13.0,
            -16.0,
            -3.0,
            -37.0,
            219.0,
            -9.0,
            16.0,
            0.0,
            -28.0,
            3.0,
            17.0,
            -12.0,
            118.0,
            6.0,
            1.0,
            20.0,
            -14.0,
            30.0,
            49.0,
            -10.0,
            20.0,
            -22.0,
            15.0,
            111.0,
            0.0,
            175.0,
            7.0,
            -18.0,
            -8.0,
            3.0,
            -5.0,
            -30.0,
            -16.0,
            7.0,
            -8.0,
            -104.0,
            33.0,
            2.0,
            -11.0,
            -14.0,
            -1.0,
            -43.0,
            -21.0,
            -15.0,
            -10.0,
            -1.0,
            45.0,
            -22.0,
            -55.0,
            0.0,
            33.0,
            5.0,
            4.0,
            143.0,
            -3.0,
            13.0,
            -23.0,
            3.0,
            13.0,
            -13.0,
            -37.0,
            -15.0,
            59.0,
            -11.0,
            62.0,
            118.0,
            5.0,
            -13.0,
            48.0,
            -54.0,
            3.0,
            -10.0,
            29.0,
            88.0,
            8.0,
            -29.0,
            80.0,
            -14.0,
            27.0,
            -94.0,
            -13.0,
            -2.0,
            -12.0,
            20.0,
            13.0,
            -6.0,
            163.0,
            -7.0,
            -33.0,
            151.0,
            31.0,
            1.0,
            -13.0,
            0.0,
            35.0,
            -3.0,
            35.0,
            -4.0,
            4.0,
            -193.0,
            18.0,
            -8.0,
            -54.0,
            -22.0,
            -5.0,
            -27.0,
            -4.0,
            -50.0,
            19.0,
            -15.0,
            -15.0,
            -4.0,
            -24.0,
            20.0,
            -10.0,
            -24.0,
            -5.0,
            90.0,
            49.0,
            -9.0,
            -9.0,
            -8.0,
            -34.0,
            16.0,
            -6.0,
            -15.0,
            249.0,
            -13.0,
            -30.0,
            -37.0,
            -9.0,
            67.0,
            3.0,
            -16.0,
            -33.0,
            119.0,
            -49.0,
            0.0,
            -6.0,
            -4.0,
            -15.0,
            127.0,
            4.0,
            1.0,
            -22.0,
            -10.0,
            13.0,
            -14.0,
            -13.0,
            -23.0,
            36.0,
            45.0,
            2.0,
            12.0,
            219.0,
            9.0,
            -15.0,
            -5.0,
            -16.0,
            58.0,
            -16.0,
            -35.0,
            -9.0,
            32.0,
            -7.0,
            -8.0,
            28.0,
            -5.0,
            15.0,
            19.0,
            0.0,
            9.0,
            -10.0,
            -29.0,
            111.0,
            -8.0,
            30.0,
            -22.0,
            10.0,
            12.0,
            -75.0,
            13.0,
            7.0,
            -52.0,
            3.0,
            5.0,
            -39.0,
            -22.0,
            2.0,
            0.0,
            -28.0,
            90.0,
            -28.0,
            -18.0,
            -10.0,
            30.0,
            -2.0,
            9.0,
            -32.0,
            -11.0,
            -5.0,
            2.0,
            -10.0,
            67.0,
            -1.0,
            4.0,
            -6.0,
            7.0,
            3.0,
            -16.0,
            -22.0,
            120.0,
            -6.0,
            53.0,
            -20.0,
            -10.0,
            28.0,
            -110.0,
            -12.0,
            -23.0,
            -10.0,
            -12.0,
            -94.0,
            -7.0,
            28.0,
            -35.0,
            -34.0,
            0.0,
            -29.0,
            7.0,
            -15.0,
            -22.0,
            -5.0,
            51.0,
            63.0,
            2.0,
            23.0,
            99.0,
            -155.0,
            63.0,
            23.0,
            -8.0,
            17.0,
            -11.0,
            18.0,
            -37.0,
            19.0,
            4.0,
            -20.0,
            -3.0,
            -28.0,
            7.0,
            19.0,
            13.0,
            -6.0,
            -19.0,
            80.0,
            -28.0,
            26.0,
            -30.0,
            -40.0,
            -20.0,
            -12.0,
            -23.0,
            -3.0,
            45.0,
            44.0,
            -110.0,
            -2.0
        ],
        "y": [
            -13.1877,
            -1.4886,
            -13.0703,
            45.3066,
            -8.2745,
            -3.3088,
            -6.3298,
            13.2329,
            21.2118,
            7.658,
            -3.9506,
            3.3325,
            10.2477,
            21.3315,
            -12.9569,
            3.0758,
            69.0457,
            2.6872,
            -16.8206,
            -3.7088,
            -7.6205,
            6.1746,
            76.8528,
            -22.0137,
            4.5417,
            -1.5316,
            -38.5091,
            -13.5074,
            -7.7234,
            -20.7611,
            -5.8261,
            -19.2402,
            -0.1777,
            1.903,
            -23.1834,
            -44.5355,
            18.629,
            55.4539,
            -24.6241,
            103.0741,
            -17.9934,
            3.6247,
            4.6742,
            -6.8793,
            23.691,
            -4.5547,
            -14.3397,
            64.2609,
            -0.1373,
            -7.2634,
            14.967,
            -7.0019,
            31.0083,
            -3.897,
            91.483,
            -4.0473,
            8.562,
            -8.2737,
            9.3662,
            -12.6688,
            -12.246,
            5.9149,
            -3.7125,
            5.9246,
            37.7352,
            -10.7142,
            -9.0119,
            -14.3951,
            -3.5791,
            31.1532,
            76.3863,
            57.465,
            -6.9809,
            1.0688,
            -37.215,
            -5.5591,
            -1.2449,
            20.8944,
            -5.2899,
            7.982,
            -18.0077,
            -57.7476,
            -4.1004,
            4.3666,
            91.6105,
            -18.9305,
            4.1507,
            -1.2428,
            -18.3995,
            -45.5731,
            -8.3841,
            8.4478,
            -17.3659,
            -13.1306,
            9.7783,
            131.1499,
            -27.5006,
            -4.0498,
            -22.8832,
            -9.068,
            143.8432,
            20.0216,
            66.8539,
            -24.4147,
            12.2945,
            -7.6201,
            -26.2157,
            -11.2241,
            3.3514,
            58.8594,
            -4.5126,
            0.0256,
            35.943,
            -0.7421,
            32.7091,
            -10.9371,
            -19.166,
            15.7571,
            -3.6475,
            3.7876,
            21.8519,
            32.9435,
            -2.4197,
            9.2969,
            -11.9096,
            25.1229,
            -1.3757,
            -12.8119,
            15.7973,
            -7.1644,
            3.0947,
            12.0991,
            -135.7815,
            -0.3036,
            10.7074,
            1.1123,
            -6.9765,
            -12.0681,
            -2.8935,
            -4.4823,
            -8.3168,
            -34.6469,
            0.4327,
            -20.9783,
            -22.0632,
            -8.9708,
            24.6122,
            -0.0905,
            5.0836,
            18.8489,
            -1.3798,
            1.5559,
            -19.5479,
            -0.1804,
            79.9463,
            -2.3726,
            -9.4755,
            6.3774,
            39.912,
            -27.8075,
            115.6733,
            -11.83,
            0.8996,
            -6.1451,
            -20.8951,
            8.8995,
            -6.1595,
            -9.3396,
            16.1552,
            20.3513,
            20.0206,
            1.1313,
            -7.1572,
            -11.2881,
            -11.3196,
            -2.1888,
            37.7773,
            -36.9893,
            83.4565,
            19.7411,
            -17.3201,
            -44.242,
            -2.1189,
            -18.5065,
            -0.8179,
            9.1112,
            0.4272,
            1.6653,
            1.6072,
            -14.6176,
            -19.112,
            -20.4046,
            -12.1504,
            21.35,
            -4.3153,
            -6.9407,
            -7.0482,
            -74.6817,
            4.7365,
            4.8979,
            -8.8045,
            31.032,
            0.1124,
            -76.1057,
            14.6427,
            3.2041,
            -3.7688,
            7.3105,
            -21.0352,
            8.1391,
            -17.1196,
            -1.5478,
            -7.5596,
            -5.4528,
            19.8343,
            0.1799,
            -10.7169,
            -0.4558,
            11.6097,
            -13.676,
            27.12,
            26.0132,
            5.3024,
            -0.5445,
            17.0496,
            16.8293,
            12.6405,
            18.0631,
            -31.2272,
            9.7748,
            20.0655,
            -3.9416,
            -36.091,
            37.0048,
            -8.1852,
            3.2739,
            24.1983,
            -18.7636,
            15.714,
            -1.9476,
            0.2152,
            -24.1673,
            -34.9859,
            -25.4284,
            -9.0738,
            22.0419,
            -15.4417,
            -0.9976,
            -8.2214,
            -6.1214,
            9.6477,
            17.5944,
            89.466,
            -11.4809,
            31.1825,
            16.3393,
            -17.9142,
            -76.2645,
            -21.7725,
            9.3233,
            -15.9311,
            -3.1112,
            -7.2768,
            -24.4026,
            -17.9306,
            -23.1805,
            -15.9958,
            -8.5938,
            2.329,
            -3.7684,
            12.56,
            -5.0372,
            -6.1967,
            19.9129,
            -4.8842,
            -50.3358,
            2.9771,
            -17.0217,
            -37.887,
            4.5191,
            -8.9171,
            -13.3716,
            4.9458,
            -15.3005,
            -10.3489,
            42.0036,
            -18.5169,
            -2.2821,
            -3.7204,
            4.0811,
            5.7658,
            -19.9844,
            14.8418,
            3.5884,
            74.1845,
            9.7836,
            -6.3744,
            19.1652,
            -58.338,
            14.4259,
            -18.4782,
            -6.1062,
            5.2095,
            11.9552,
            -19.3383,
            15.9586,
            -2.3758,
            -23.6812,
            -0.3149,
            92.7242,
            -45.4863,
            7.5827,
            -1.1203,
            -22.5771,
            -4.0793,
            -14.6155,
            -9.461,
            45.3945,
            -9.5081,
            -0.5844,
            -28.6884,
            6.2995,
            -17.7637,
            10.2829,
            -18.9922,
            -20.6915,
            5.6435,
            -26.9729,
            9.892,
            7.6635,
            40.1669,
            -18.0297,
            28.3731,
            81.1126,
            8.7319,
            12.3691,
            66.0353,
            22.4176,
            9.9445,
            -22.9544,
            -3.2598,
            -15.2233,
            -26.0638,
            -7.6132,
            14.7565,
            41.7761,
            17.9842,
            22.0791,
            -5.0813,
            -7.3393,
            -20.3431,
            6.9999,
            0.8744,
            23.9073,
            -15.0366,
            8.4984,
            9.2454,
            -11.7749,
            0.4752,
            -4.7959,
            -27.9043,
            16.0462,
            -14.6418,
            -11.7507,
            144.1263,
            3.5573,
            -44.4716,
            7.2087,
            -8.5392,
            -20.4952,
            1.3338,
            -36.8523,
            3.3023,
            19.2421,
            7.9026,
            -23.5272,
            -11.0325,
            -11.0863,
            -36.085,
            -4.4281,
            -23.2426,
            -0.1243,
            -12.7849,
            7.1474,
            -0.4965,
            -22.8298,
            -6.6618,
            -3.1809,
            -16.6861,
            6.5815,
            23.9481,
            -28.0293,
            9.2583,
            -37.5662,
            11.5211,
            -11.2081,
            18.3198,
            5.9808,
            4.4749,
            -4.8558,
            -16.8781,
            8.5642,
            -25.4852,
            -7.0845,
            -6.7473,
            -9.0302,
            2.6273,
            -1.9298,
            -113.5523,
            -11.8886,
            -16.7358,
            -16.7621,
            -2.5956,
            -31.0802,
            -6.7444,
            -7.5766,
            -7.0448,
            8.1411,
            -18.2296,
            92.7188,
            -15.2984,
            22.4952,
            -1.9648,
            -10.6961,
            -25.3417,
            -44.1452,
            -2.4104,
            83.9961,
            32.8755,
            1.0207,
            -24.6386,
            -8.249,
            -78.7227,
            -12.275,
            -5.3083,
            -5.875,
            7.2447,
            45.0735,
            -11.7676,
            -23.6788,
            -2.3922,
            -7.2513,
            47.409,
            -37.4904,
            18.4474,
            -2.3215,
            36.7215,
            22.3316,
            5.8793,
            10.9945,
            -8.3486,
            -22.2874,
            -14.3624,
            -97.461,
            7.3724,
            -8.0049,
            30.8142,
            -14.9912,
            -7.8571,
            -0.109,
            -20.1022,
            4.2431,
            81.4212,
            25.0738,
            -10.8503,
            -7.2973,
            -8.3412,
            -46.0447,
            -37.8903,
            -1.4806,
            -57.4444,
            -16.927,
            -4.3295,
            -1.6286,
            17.5699,
            11.3865,
            -11.3118,
            -7.6998,
            -23.9108,
            -3.8237,
            -4.7393,
            -0.4235,
            -2.4489,
            45.8563,
            2.8838,
            23.7638,
            29.4208,
            8.6381,
            -20.3025,
            10.6846,
            -22.8194,
            9.6588,
            97.3075,
            -10.1935,
            -5.9754,
            1.1698,
            10.2131,
            69.1639,
            0.5017,
            -6.4092,
            -16.4234,
            -10.5732,
            -1.9098,
            7.6319,
            -14.5601,
            -20.6043,
            5.4727,
            -1.0022,
            -13.2678,
            -35.3566,
            -23.4016,
            -12.7276,
            -8.5422,
            -14.1973,
            -4.9902,
            -13.6825,
            -39.9954,
            8.4602,
            -4.8329,
            7.6961,
            -25.1034,
            -26.0654,
            -4.9602,
            29.912,
            -15.1851,
            -12.2015,
            -4.184,
            9.2367,
            -12.6697,
            -18.9864,
            -4.5599,
            -5.9119,
            -2.4139,
            11.993,
            32.5195,
            1.1919,
            36.7318,
            -1.8079,
            9.9624,
            -18.4986,
            -19.8328,
            -8.0473,
            -44.3347,
            -1.4008,
            -5.5464,
            -19.7679,
            -1.1705,
            -1.0244,
            -19.4641,
            -76.1968,
            -30.8303,
            0.0123,
            -7.4062,
            -16.2685,
            -36.2216,
            -29.6461,
            0.4482,
            -26.0356,
            3.7662,
            -7.6619,
            -9.1064,
            32.6251,
            -15.311,
            -14.0055,
            -26.0193,
            -57.6377,
            8.709,
            24.0219,
            -15.6367,
            32.81,
            1.9305,
            -0.7286,
            18.3086,
            4.16,
            -37.2794,
            17.1852,
            4.8633,
            -15.1898,
            -25.1058,
            -18.5595,
            -2.3368,
            -7.649,
            22.7698,
            -19.9293,
            -10.6079,
            -36.8819,
            -3.7441,
            4.3071,
            9.2067,
            4.783,
            -36.0638,
            -6.0498,
            24.2341,
            9.0725,
            17.9887,
            -15.8064,
            44.9385,
            -17.9049,
            9.2968,
            -7.7008,
            8.6669,
            53.8332,
            -11.5033,
            -4.9959,
            -28.6434,
            5.3035,
            19.8105,
            -11.0968,
            -24.0888,
            -20.1934,
            -18.5119,
            13.4067,
            -9.5091,
            -4.0937,
            79.9409,
            -3.1605,
            -12.8705,
            3.4474,
            20.2437,
            -32.8722,
            -19.8011,
            59.364,
            -27.5769,
            -6.9706,
            -16.9163,
            1.0045,
            -4.704,
            12.537,
            -1.7906,
            -20.9408,
            -17.1195,
            -15.0917,
            -6.9334,
            -39.315,
            -18.0793,
            21.3936,
            -14.9281,
            80.2879,
            -18.4201,
            -11.4246,
            -9.3753,
            16.6446,
            102.7064,
            0.6458,
            18.0305,
            17.8528,
            -25.0912,
            -1.6238,
            -7.6231,
            6.7724,
            0.0099,
            -9.7561,
            -18.0755,
            -15.2925,
            15.1036,
            -7.2147,
            -3.7202,
            59.5204,
            -23.336,
            -25.8772,
            19.1148,
            8.6346,
            -2.9994,
            36.7107,
            1.8334,
            11.3066,
            -8.2143,
            -7.8079,
            -7.3568,
            -22.0241,
            -4.9721,
            34.2001,
            -8.9988,
            8.7148,
            18.3665,
            -21.5192,
            -6.0597,
            -24.6191,
            -10.2667,
            3.032,
            -21.5226,
            1.2036,
            -36.6757,
            -35.1943,
            -17.731,
            4.0433,
            23.8754,
            -9.2149,
            3.1104,
            -38.3745,
            -14.9843,
            35.9207,
            -21.6672,
            55.8931,
            9.5481,
            -7.6381,
            64.2763,
            -17.9979,
            2.8215,
            9.5705,
            -2.4491,
            -4.3286,
            16.1515,
            15.7001,
            -13.2892,
            9.7326,
            -1.1033,
            -3.8779,
            2.9203,
            -9.2207,
            -20.7579,
            -0.1917,
            -5.5299,
            -22.2839,
            0.9129,
            -6.9183,
            -1.9141,
            -1.2364,
            -95.4273,
            1.1697,
            2.8553,
            -10.4927,
            34.1559,
            -3.352,
            -51.1286,
            34.9246,
            -11.0187,
            7.1928,
            -10.5038,
            60.7298,
            -12.5175,
            -8.4491,
            -19.5596,
            -9.0252,
            -27.6403,
            158.5564,
            -7.6962,
            -6.7849,
            -1.8674,
            -7.6832,
            1.9258,
            33.5665,
            -8.8917,
            80.0046,
            16.7951,
            8.9847,
            18.8962,
            -15.1499,
            81.5324,
            18.4429,
            -6.7531,
            13.4481,
            -23.8473,
            4.2017,
            74.5504,
            -8.3058,
            123.6362,
            -2.3268,
            -18.393,
            -8.4474,
            3.225,
            1.12,
            -24.5092,
            -3.9171,
            11.688,
            -8.2488,
            -46.9124,
            30.0246,
            -4.6543,
            -7.3561,
            -13.034,
            -3.1871,
            -23.2594,
            2.6281,
            -6.2092,
            -18.8739,
            -6.154,
            29.574,
            -19.3499,
            -36.6561,
            -1.066,
            28.615,
            8.7916,
            -8.5315,
            103.0005,
            -7.0928,
            0.8711,
            -20.1385,
            20.1364,
            8.5002,
            -11.3018,
            -26.2534,
            -12.7236,
            42.001,
            -2.3677,
            38.9409,
            80.1711,
            -6.914,
            -13.6533,
            49.5151,
            -33.3241,
            -0.5545,
            2.2029,
            29.9724,
            83.7468,
            8.1166,
            -10.1578,
            61.0998,
            -7.2839,
            17.22,
            -44.9747,
            -12.5399,
            -1.2066,
            -2.0317,
            13.397,
            1.1304,
            -2.7856,
            106.5874,
            2.8547,
            -39.8566,
            103.0268,
            45.3392,
            -4.9711,
            -9.3975,
            -1.2777,
            29.8128,
            3.5174,
            19.5351,
            0.2169,
            0.8943,
            -157.1121,
            19.8391,
            -4.0712,
            -30.9306,
            -16.0416,
            -1.4588,
            -21.9029,
            -10.0901,
            -50.4675,
            5.583,
            56.239,
            -14.6908,
            -4.2698,
            -5.8724,
            18.892,
            -4.9671,
            -22.6173,
            -8.7103,
            70.3283,
            23.0762,
            -6.7174,
            1.2771,
            -16.0852,
            -21.9562,
            -0.8192,
            -0.1841,
            -1.5621,
            160.2903,
            0.3952,
            -20.6271,
            -16.3537,
            -9.2426,
            35.1159,
            8.8736,
            -9.4015,
            -23.5743,
            84.1524,
            -48.3745,
            -2.2803,
            -8.306,
            -3.7785,
            -12.1908,
            88.5355,
            4.6257,
            -12.9906,
            -14.9479,
            -2.43,
            5.0591,
            -11.2471,
            -12.5969,
            -22.5549,
            21.949,
            18.0615,
            2.7412,
            -6.8625,
            158.6254,
            6.07,
            -15.1338,
            1.104,
            -21.331,
            49.4572,
            -12.9538,
            -21.6228,
            -9.5242,
            20.7534,
            -3.4603,
            -3.9188,
            11.2184,
            -4.9976,
            -0.4205,
            5.8239,
            -0.1938,
            15.0025,
            -18.465,
            -7.8097,
            70.4275,
            -3.7546,
            81.4689,
            -20.3103,
            -3.1995,
            16.9138,
            -25.6618,
            19.8833,
            22.1831,
            -34.3555,
            -2.4942,
            -2.2344,
            -25.5712,
            -23.808,
            11.6463,
            -13.1949,
            -11.0941,
            70.2977,
            -7.6869,
            -14.5982,
            -2.3581,
            29.4005,
            3.7657,
            8.9433,
            -63.5195,
            -4.8733,
            -7.2679,
            7.3686,
            -6.8897,
            55.6855,
            4.2205,
            4.5183,
            -18.9479,
            20.2229,
            2.953,
            -16.2426,
            -9.2256,
            115.6374,
            -7.4061,
            65.6195,
            -24.5277,
            -15.2037,
            11.155,
            -97.528,
            -6.9623,
            -22.0126,
            -13.1632,
            -19.3493,
            -44.9492,
            -13.5037,
            18.4993,
            -25.9088,
            -4.3257,
            2.9474,
            -19.1472,
            22.3517,
            -1.0794,
            -16.088,
            -6.2297,
            21.5402,
            48.6517,
            1.8974,
            19.9188,
            97.3347,
            -73.663,
            48.7072,
            19.8464,
            -11.8578,
            1.4094,
            -7.4805,
            9.2094,
            -21.7511,
            9.7414,
            0.9524,
            -19.122,
            -16.8918,
            -14.4596,
            6.9018,
            12.3512,
            0.9391,
            -7.2846,
            -23.7109,
            48.7937,
            -14.5029,
            18.4491,
            -24.9029,
            -28.0823,
            -24.289,
            -6.6172,
            -15.4817,
            0.4562,
            15.8979,
            24.2041,
            -97.55,
            -1.0672
        ]
    },
    "globalMetrics": {
        "testWeight": 20088,
        "targetAvg": [
            0.5344982078853047
        ],
        "targetStd": [
            44.53757027124973
        ],
        "predictionAvg": [
            0.54465510780651
        ],
        "predictionStd": [
            32.582376402972656
        ]
    },
    "predictionPDF": {
        "x": [
            -226.4597695811179,
            -222.55021143984558,
            -218.64065329857326,
            -214.73109515730093,
            -210.8215370160286,
            -206.91197887475627,
            -203.00242073348397,
            -199.09286259221165,
            -195.18330445093932,
            -191.273746309667,
            -187.36418816839466,
            -183.45463002712233,
            -179.54507188585,
            -175.63551374457768,
            -171.72595560330535,
            -167.81639746203302,
            -163.9068393207607,
            -159.99728117948837,
            -156.08772303821604,
            -152.1781648969437,
            -148.26860675567139,
            -144.35904861439906,
            -140.44949047312673,
            -136.53993233185443,
            -132.6303741905821,
            -128.72081604930978,
            -124.81125790803745,
            -120.90169976676512,
            -116.99214162549279,
            -113.08258348422048,
            -109.17302534294815,
            -105.26346720167582,
            -101.3539090604035,
            -97.44435091913118,
            -93.53479277785885,
            -89.62523463658653,
            -85.7156764953142,
            -81.80611835404187,
            -77.89656021276954,
            -73.98700207149722,
            -70.07744393022489,
            -66.16788578895256,
            -62.25832764768023,
            -58.348769506407905,
            -54.43921136513558,
            -50.52965322386328,
            -46.62009508259095,
            -42.71053694131862,
            -38.800978800046295,
            -34.89142065877397,
            -30.98186251750164,
            -27.07230437622931,
            -23.162746234956984,
            -19.253188093684656,
            -15.343629952412329,
            -11.43407181114,
            -7.524513669867673,
            -3.6149555285953454,
            0.29460261267695387,
            4.204160753949282,
            8.11371889522161,
            12.023277036493937,
            15.932835177766265,
            19.842393319038592,
            23.75195146031092,
            27.661509601583248,
            31.571067742855547,
            35.480625884127875,
            39.3901840254002,
            43.29974216667253,
            47.20930030794486,
            51.118858449217186,
            55.02841659048951,
            58.93797473176184,
            62.84753287303417,
            66.7570910143065,
            70.66664915557882,
            74.57620729685115,
            78.48576543812348,
            82.39532357939581,
            86.30488172066813,
            90.21443986194046,
            94.12399800321279,
            98.03355614448512,
            101.94311428575745,
            105.85267242702977,
            109.7622305683021,
            113.67178870957443,
            117.58134685084676,
            121.49090499211908,
            125.40046313339136,
            129.31002127466368,
            133.219579415936,
            137.12913755720834,
            141.03869569848067,
            144.948253839753,
            148.85781198102532,
            152.76737012229765,
            156.67692826356998,
            160.5864864048423
        ],
        "pdf": [
            0.00011566744206369639,
            9.108153388711917e-05,
            6.260561535602577e-05,
            7.152389914354753e-05,
            6.126680591405125e-05,
            2.5973839243589286e-05,
            5.188785916422355e-06,
            4.878093187372616e-07,
            7.645207739945318e-08,
            1.01524649837703e-06,
            8.770582509046806e-06,
            3.554621784410565e-05,
            6.755863914618978e-05,
            6.022992170504015e-05,
            2.559944762470192e-05,
            9.927837551218447e-06,
            2.746897821828347e-05,
            6.85913609792319e-05,
            8.168908929133993e-05,
            4.577709130079877e-05,
            1.3710163999509896e-05,
            1.4150418991611637e-05,
            4.3661701399595686e-05,
            7.026579017182017e-05,
            5.314516730984168e-05,
            1.9098562825312654e-05,
            6.467165931011093e-06,
            2.130482533492707e-05,
            6.614828362873715e-05,
            0.00011511627582343881,
            0.00013975417890534122,
            0.00016303326525010084,
            0.0002280045614335619,
            0.0003237757523965795,
            0.0003552315451392335,
            0.00027719681045155673,
            0.00022197568964025881,
            0.0003212355644156222,
            0.0004657683139183622,
            0.0005038417078681258,
            0.00046559794984739827,
            0.0004431543222742406,
            0.0004516752480198149,
            0.0004947070401097487,
            0.0006699255785645831,
            0.0010754974375377165,
            0.0015287443157001816,
            0.0018711634029901993,
            0.0022864884106910273,
            0.0028342623326157363,
            0.004067921393681524,
            0.006682373078970203,
            0.010092925216498244,
            0.013401911709761875,
            0.01650969346296999,
            0.019912583298078268,
            0.022915041641781268,
            0.023596256937215915,
            0.021713259813757796,
            0.01834523476713929,
            0.014458015544043534,
            0.010943930436016661,
            0.008646589698618744,
            0.007395152944898725,
            0.005986843354914525,
            0.004509317206501441,
            0.0037178287719982213,
            0.0032091991702392526,
            0.002709034613174346,
            0.0023932476482966176,
            0.0020434397290885454,
            0.0015420775318026774,
            0.001225531396149109,
            0.0011727968874704223,
            0.0011695560042249869,
            0.0011294508664760428,
            0.001029002906380915,
            0.0009432739204732036,
            0.0009609089196788803,
            0.0009702530891470464,
            0.0008448170809721394,
            0.0006657205899020812,
            0.0005145911268225799,
            0.0004594450950658143,
            0.0005136221789014423,
            0.0004973519787486927,
            0.00034988659441551555,
            0.0002187401834519036,
            0.00014550025566273877,
            0.00012398789950279513,
            0.00013141016526514355,
            0.00013804933784317746,
            0.00014678867084448892,
            0.00017862739592193095,
            0.00022205820853343178,
            0.00019323911576256658,
            0.00010242152351246565,
            7.386048107565068e-05,
            0.00012417505180950113,
            0.0001377493927157952
        ]
    }
}