{
  "state": "DONE",
  "preSearchDescription": {
    "gridLength": 3,
    "searchStrategy": "GRID",
    "importantParams": [
      {
        "name": "alpha",
        "vals": [
          "0.1",
          "1.0",
          "3.0"
        ]
      }
    ]
  },
  "postSearchDescription": {
    "importantParams": [
      {
        "name": "alpha",
        "val": "0.1"
      }
    ]
  },
  "resumed": false,
  "timeOrderingEnabled": false,
  "sampleWeightsEnabled": false,
  "modelId": "m1",
  "progress": {
    "top_level_todo": [],
    "stack": [],
    "top_level_done": [
      {
        "name": "Loading train set",
        "time": 1112
      },
      {
        "name": "Loading test set",
        "time": 403
      },
      {
        "name": "Collecting statistics",
        "time": 719
      },
      {
        "name": "Preprocessing train set",
        "time": 1692
      },
      {
        "name": "Preprocessing test set",
        "time": 541
      },
      {
        "name": "Hyperparameter searching",
        "time": 234036
      },
      {
        "name": "Fitting model",
        "time": 23048
      },
      {
        "name": "Saving model",
        "time": 206
      },
      {
        "name": "Scoring model",
        "time": 20515
      },
      {
        "name": "Preparing explainability",
        "time": 49659
      }
    ]
  },
  "startTime": 1703015434249,
  "endTime": 1703015766311,
  "preprocessingTime": 4477,
  "trainingTime": 327582,
  "hyperparamsSearchTime": 234036,
  "pythonVersion": "3.7.13"
}