{
  "columns": [
    {"name":"CodingHours","type":"bigint"},
    {"name":"CoffeeCupsPerDay","type":"bigint"},
    {"name":"CoffeeTime","type":"string"},
    {"name":"CodingWithoutCoffee","type":"string","meaning":"Text"},
    {"name":"CoffeeType","type":"string"},
    {"name":"Gender","type":"string"},
    {"name":"Country","type":"string"},
    {"name":"AgeRange","type":"string"},
    {"name":"Area Code","type":"bigint"},
    {"name":"Cogs","type":"bigint"},
    {"name":"DifferenceBetweenActualandTargetProfit","type":"bigint"},
    {"name":"Date","type":"string"},
    {"name":"Inventory Margin","type":"bigint"},
    {"name":"Margin","type":"bigint"},
    {"name":"Market","type":"string"},
    {"name":"Product_line","type":"string"},
    {"name":"Product_type","type":"string"},
    {"name":"Product","type":"string"},
    {"name":"Profit","type":"bigint"},
    {"name":"Sales","type":"bigint"},
    {"name":"State","type":"string"},
    {"name":"Target_profit","type":"bigint"},
    {"name":"Target_sales","type":"bigint"},
    {"name":"Total_expenses","type":"bigint"},
    {"name":"Type","type":"string"}
  ],
  "userModified": true
}