{
  "params": {
    "ttPolicy": "SPLIT_SINGLE_DATASET",
    "ssdSplitMode": "RANDOM",
    "splitBeforePrepare": true,
    "ssdSelection": {
      "useMemTable": false,
      "filter": {
        "distinct": false,
        "enabled": false
      },
      "partitionSelectionMethod": "ALL",
      "latestPartitionsN": 1,
      "ordering": {
        "enabled": false,
        "rules": []
      },
      "samplingMethod": "HEAD_SEQUENTIAL",
      "maxRecords": 100000,
      "targetRatio": 0.02,
      "ascending": true,
      "withinFirstN": -1,
      "maxReadUncompressedBytes": -1,
      "seed": 1337
    },
    "ssdTrainingRatio": 0.8,
    "ssdStratified": false,
    "ssdGrouped": false,
    "ssdSeed": 1337,
    "testOnLargerValues": true,
    "streamAll": false,
    "kfold": false,
    "nFolds": 5,
    "instanceIdRefresher": 0,
    "subSamplingSeed": 1337
  },
  "generationDate": 1703015395487,
  "policyId": "type\u003dSPLIT_SINGLE_DATASET,split\u003dRANDOM,splitBeforePrepare\u003dtrue,ds\u003dCoffee_combined,sel\u003d(method\u003dhead-s,records\u003d100000),r\u003d0.8,s\u003d1337",
  "instanceId": "dc0a3c96fa1fcde927b241e5c4c852e6-0",
  "format": "csv1",
  "schema": {
    "columns": [
      {"name":"CodingHours","type":"bigint"},
      {"name":"CoffeeCupsPerDay","type":"bigint"},
      {"name":"CoffeeTime","type":"string"},
      {"name":"CodingWithoutCoffee","type":"string"},
      {"name":"CoffeeType","type":"string"},
      {"name":"Gender","type":"string"},
      {"name":"Country","type":"string"},
      {"name":"AgeRange","type":"string"},
      {"name":"Area Code","type":"bigint"},
      {"name":"Cogs","type":"bigint"},
      {"name":"DifferenceBetweenActualandTargetProfit","type":"bigint"},
      {"name":"Date","type":"string"},
      {"name":"Inventory Margin","type":"bigint"},
      {"name":"Margin","type":"bigint"},
      {"name":"Market","type":"string"},
      {"name":"Product_line","type":"string"},
      {"name":"Product_type","type":"string"},
      {"name":"Product","type":"string"},
      {"name":"Profit","type":"bigint"},
      {"name":"Sales","type":"bigint"},
      {"name":"State","type":"string"},
      {"name":"Target_profit","type":"bigint"},
      {"name":"Target_sales","type":"bigint"},
      {"name":"Total_expenses","type":"bigint"},
      {"name":"Type","type":"string"}
    ],
    "userModified": false
  },
  "trainPath": "train-dc0a3c96fa1fcde927b241e5c4c852e6-0.csv.gz",
  "testPath": "test-dc0a3c96fa1fcde927b241e5c4c852e6-0.csv.gz",
  "trainRows": 79912,
  "testRows": 20088,
  "fullRows": 0
}