{
    "per_feature": {
        "CodingHours": {
            "stats": {
                "min": 1.0,
                "average": 6.433589448393232,
                "median": 7.0,
                "max": 10.0,
                "p99": 10.0,
                "std": 2.5975759803349856
            },
            "missing_impute_with_value": 6.433589448393232
        },
        "Area Code": {
            "stats": {
                "min": 203.0,
                "average": 587.4199494443889,
                "median": 573.0,
                "max": 985.0,
                "p99": 978.0,
                "std": 225.0092870547464
            },
            "missing_impute_with_value": 587.4199494443889
        },
        "AgeRange": {
            "stats": {
                "mostFrequentValue": "18-29",
                "leastFrequentValue": "30-49"
            },
            "category_possible_values": [
                "18-29",
                "30-39",
                "40-49",
                "18 -29",
                "50-59",
                "30-49"
            ],
            "category_possible_counts": [
                47814,
                24465,
                5087,
                851,
                848,
                847
            ]
        },
        "Inventory Margin": {
            "stats": {
                "min": -3534.0,
                "average": 816.8154720192211,
                "median": 659.0,
                "max": 8252.0,
                "p99": 4360.0,
                "std": 918.8220486384179
            },
            "missing_impute_with_value": 816.8154720192211
        },
        "Product": {
            "stats": {
                "mostFrequentValue": "Lemon",
                "leastFrequentValue": "Regular Espresso"
            },
            "category_possible_values": [
                "Lemon",
                "Colombian",
                "Caffe Mocha",
                "Decaf Espresso",
                "Decaf Irish Cream",
                "Chamomile",
                "Darjeeling",
                "Green Tea",
                "Earl Grey",
                "Caffe Latte",
                "Mint",
                "Amaretto",
                "Regular Espresso"
            ],
            "category_possible_counts": [
                9066,
                9061,
                9028,
                7695,
                7215,
                7214,
                7214,
                5428,
                5409,
                4022,
                3602,
                3596,
                1362
            ]
        },
        "Target_sales": {
            "stats": {
                "min": 0.0,
                "average": 168.46743918310142,
                "median": 120.0,
                "max": 960.0,
                "p99": 730.0,
                "std": 145.7039569430947
            },
            "missing_impute_with_value": 168.46743918310142
        },
        "CoffeeCupsPerDay": {
            "stats": {
                "min": 1.0,
                "average": 2.926056161777956,
                "median": 3.0,
                "max": 8.0,
                "p99": 8.0,
                "std": 1.6316748149537803
            },
            "missing_impute_with_value": 2.926056161777956
        },
        "Gender": {
            "stats": {
                "mostFrequentValue": "Male",
                "leastFrequentValue": "Female"
            },
            "category_possible_values": [
                "Male",
                "Female"
            ],
            "category_possible_counts": [
                59491,
                20421
            ]
        },
        "DifferenceBetweenActualandTargetProfit": {
            "stats": {}
        },
        "Target_profit": {
            "stats": {
                "min": -320.0,
                "average": 60.005881469616575,
                "median": 40.0,
                "max": 470.0,
                "p99": 350.0,
                "std": 77.77464633038025
            },
            "missing_impute_with_value": 60.005881469616575
        },
        "Sales": {
            "stats": {
                "min": 21.0,
                "average": 191.0301581739914,
                "median": 133.0,
                "max": 815.0,
                "p99": 697.0,
                "std": 148.1030601169282
            },
            "missing_impute_with_value": 191.0301581739914
        },
        "Total_expenses": {
            "stats": {
                "min": 11.0,
                "average": 53.918360196215836,
                "median": 46.0,
                "max": 156.0,
                "p99": 147.0,
                "std": 31.72611345571343
            },
            "missing_impute_with_value": 53.918360196215836
        },
        "Cogs": {
            "stats": {
                "min": 0.0,
                "average": 82.47866403043348,
                "median": 57.0,
                "max": 294.0,
                "p99": 260.0,
                "std": 64.84438085370387
            },
            "missing_impute_with_value": 82.47866403043348
        },
        "Profit": {
            "stats": {
                "min": -605.0,
                "average": 60.47688707578336,
                "median": 39.0,
                "max": 646.0,
                "p99": 390.0,
                "std": 100.35576323513342
            },
            "missing_impute_with_value": 60.47688707578336
        },
        "Product_line": {
            "stats": {
                "mostFrequentValue": "Beans",
                "leastFrequentValue": "Leaves"
            },
            "category_possible_values": [
                "Beans",
                "Leaves"
            ],
            "category_possible_counts": [
                41979,
                37933
            ]
        },
        "CodingWithoutCoffee": {
            "stats": {
                "mostFrequentValue": "Sometimes",
                "leastFrequentValue": "No"
            },
            "category_possible_values": [
                "Sometimes",
                "Yes",
                "No"
            ],
            "category_possible_counts": [
                40744,
                22948,
                16220
            ]
        },
        "Market": {
            "stats": {
                "mostFrequentValue": "West",
                "leastFrequentValue": "South"
            },
            "category_possible_values": [
                "West",
                "Central",
                "East",
                "South"
            ],
            "category_possible_counts": [
                25267,
                25266,
                16717,
                12662
            ]
        },
        "CoffeeType": {
            "stats": {
                "mostFrequentValue": "Nescafe",
                "leastFrequentValue": "Americano"
            },
            "category_possible_values": [
                "Nescafe",
                "American Coffee",
                "Turkish",
                "Espresso (Short Black)",
                "Cappuccino",
                "Caff\u00e8 latte",
                "Double Espresso (Doppio)",
                "Americano"
            ],
            "category_possible_counts": [
                24758,
                19456,
                16100,
                6002,
                5075,
                4287,
                1706,
                1697
            ]
        },
        "Date": {
            "stats": {
                "mostFrequentValue": "10/1/2012",
                "leastFrequentValue": "10/20/2014"
            },
            "category_possible_values": [
                "10/1/2012",
                "3/29/2015",
                "2/19/2013",
                "8/2/2014",
                "10/22/2014",
                "10/28/2012",
                "12/1/2012",
                "8/30/2014",
                "11/14/2012",
                "6/5/2013",
                "2/20/2015",
                "12/29/2014",
                "5/6/2015",
                "11/13/2012",
                "10/6/2012",
                "3/7/2013",
                "2/20/2014",
                "1/18/2014",
                "10/20/2012",
                "6/19/2013",
                "2/25/2015",
                "3/6/2015",
                "4/29/2014",
                "5/16/2015",
                "12/5/2013",
                "6/3/2013",
                "12/29/2013",
                "2/9/2013",
                "6/4/2014",
                "12/11/2014",
                "5/9/2015",
                "4/2/2014",
                "8/2/2013",
                "12/20/2012",
                "1/28/2014",
                "5/6/2014",
                "12/25/2013",
                "10/17/2012",
                "7/13/2014",
                "12/8/2014",
                "7/4/2014",
                "7/25/2013",
                "1/17/2013",
                "11/17/2013",
                "1/14/2015",
                "3/3/2014",
                "3/31/2015",
                "9/6/2014",
                "3/16/2013",
                "1/15/2013",
                "12/31/2012",
                "4/9/2015",
                "7/20/2013",
                "10/9/2013",
                "11/21/2014",
                "6/27/2013",
                "11/25/2012",
                "5/17/2014",
                "11/9/2012",
                "5/21/2013",
                "11/7/2013",
                "7/22/2014",
                "11/29/2014",
                "10/25/2014",
                "12/14/2013",
                "7/30/2013",
                "8/13/2015",
                "6/17/2014",
                "6/15/2013",
                "12/6/2014",
                "11/12/2013",
                "3/13/2014",
                "1/21/2015",
                "3/15/2013",
                "1/3/2013",
                "4/11/2013",
                "3/30/2013",
                "9/6/2013",
                "9/1/2014",
                "2/26/2013",
                "3/29/2013",
                "10/25/2012",
                "11/30/2013",
                "7/30/2015",
                "1/19/2013",
                "1/2/2013",
                "12/7/2013",
                "6/12/2014",
                "4/3/2014",
                "10/27/2013",
                "2/21/2015",
                "8/12/2015",
                "12/12/2013",
                "12/12/2014",
                "8/13/2013",
                "12/13/2013",
                "9/26/2013",
                "10/28/2013",
                "3/28/2014",
                "9/19/2013",
                "3/14/2015"
            ],
            "category_possible_counts": [
                155,
                87,
                86,
                85,
                85,
                85,
                85,
                85,
                85,
                84,
                84,
                84,
                84,
                84,
                84,
                83,
                83,
                83,
                83,
                83,
                83,
                83,
                83,
                83,
                83,
                83,
                83,
                83,
                83,
                82,
                82,
                82,
                82,
                82,
                82,
                82,
                82,
                82,
                82,
                82,
                82,
                82,
                82,
                82,
                82,
                82,
                82,
                82,
                82,
                82,
                81,
                81,
                81,
                81,
                81,
                81,
                81,
                81,
                81,
                81,
                81,
                81,
                81,
                81,
                81,
                81,
                81,
                81,
                81,
                81,
                81,
                81,
                81,
                81,
                81,
                81,
                81,
                81,
                81,
                80,
                80,
                80,
                80,
                80,
                80,
                80,
                80,
                80,
                80,
                80,
                80,
                80,
                80,
                80,
                80,
                80,
                80,
                80,
                80,
                80,
                80
            ]
        },
        "Product_type": {
            "stats": {
                "mostFrequentValue": "Espresso",
                "leastFrequentValue": "Tea"
            },
            "category_possible_values": [
                "Espresso",
                "Herbal Tea",
                "Coffee",
                "Tea"
            ],
            "category_possible_counts": [
                22107,
                19882,
                19872,
                18051
            ]
        },
        "CoffeeTime": {
            "stats": {
                "mostFrequentValue": "While coding",
                "leastFrequentValue": "No specific time"
            },
            "category_possible_values": [
                "While coding",
                "Before coding",
                "All the time",
                "Before and while coding",
                "In the morning",
                "After coding",
                "No specific time"
            ],
            "category_possible_counts": [
                50280,
                17780,
                3409,
                3382,
                2534,
                1695,
                832
            ]
        },
        "Type": {
            "stats": {
                "mostFrequentValue": "Regular",
                "leastFrequentValue": "Decaf"
            },
            "category_possible_values": [
                "Regular",
                "Decaf"
            ],
            "category_possible_counts": [
                45120,
                34792
            ]
        },
        "State": {
            "stats": {
                "mostFrequentValue": "California",
                "leastFrequentValue": "Massachusetts"
            },
            "category_possible_values": [
                "California",
                "Utah",
                "Colorado",
                "Oregon",
                "Nevada",
                "Washington",
                "Missouri",
                "Florida",
                "Ohio",
                "Wisconsin",
                "Illinois",
                "Iowa",
                "New York",
                "Connecticut",
                "New Mexico",
                "Texas",
                "New Hampshire",
                "Oklahoma",
                "Louisiana",
                "Massachusetts"
            ],
            "category_possible_counts": [
                5470,
                5404,
                5000,
                4954,
                4937,
                4502,
                4075,
                4063,
                4062,
                4051,
                4041,
                4037,
                3597,
                3177,
                3176,
                3169,
                3167,
                3166,
                3151,
                2713
            ]
        },
        "Country": {
            "stats": {}
        },
        "Margin": {
            "stats": {
                "min": -294.0,
                "average": 102.31666624915454,
                "median": 73.0,
                "max": 526.0,
                "p99": 420.0,
                "std": 91.27533370594014
            },
            "missing_impute_with_value": 102.31666624915454
        }
    },
    "feature_order": [
        "CodingHours",
        "Area Code",
        "AgeRange",
        "Inventory Margin",
        "Product",
        "Target_sales",
        "CoffeeCupsPerDay",
        "Gender",
        "DifferenceBetweenActualandTargetProfit",
        "Target_profit",
        "Sales",
        "Total_expenses",
        "Cogs",
        "Profit",
        "Product_line",
        "CodingWithoutCoffee",
        "Market",
        "CoffeeType",
        "Date",
        "Product_type",
        "CoffeeTime",
        "Type",
        "State",
        "Country",
        "Margin"
    ]
}