{
    "details": {
        "AgeRange": {
            "levels": [
                "18-29",
                "30-39",
                "40-49",
                "18 -29",
                "50-59",
                "30-49"
            ],
            "with_others": true
        },
        "Product": {
            "levels": [
                "Lemon",
                "Colombian",
                "Caffe Mocha",
                "Decaf Espresso",
                "Decaf Irish Cream",
                "Chamomile",
                "Darjeeling",
                "Green Tea",
                "Earl Grey",
                "Caffe Latte",
                "Mint",
                "Amaretto",
                "Regular Espresso"
            ],
            "with_others": true
        },
        "Gender": {
            "levels": [
                "Male",
                "Female"
            ],
            "with_others": true
        },
        "Product_line": {
            "levels": [
                "Beans",
                "Leaves"
            ],
            "with_others": true
        },
        "CodingWithoutCoffee": {
            "levels": [
                "Sometimes",
                "Yes",
                "No"
            ],
            "with_others": true
        },
        "Market": {
            "levels": [
                "West",
                "Central",
                "East",
                "South"
            ],
            "with_others": true
        },
        "CoffeeType": {
            "levels": [
                "Nescafe",
                "American Coffee",
                "Turkish",
                "Espresso (Short Black)",
                "Cappuccino",
                "Caff\u00e8 latte",
                "Double Espresso (Doppio)",
                "Americano"
            ],
            "with_others": true
        },
        "Date": {
            "levels": [
                "10/1/2012",
                "3/29/2015",
                "2/19/2013",
                "8/2/2014",
                "10/22/2014",
                "10/28/2012",
                "12/1/2012",
                "8/30/2014",
                "11/14/2012",
                "6/5/2013",
                "2/20/2015",
                "12/29/2014",
                "5/6/2015",
                "11/13/2012",
                "10/6/2012",
                "3/7/2013",
                "2/20/2014",
                "1/18/2014",
                "10/20/2012",
                "6/19/2013",
                "2/25/2015",
                "3/6/2015",
                "4/29/2014",
                "5/16/2015",
                "12/5/2013",
                "6/3/2013",
                "12/29/2013",
                "2/9/2013",
                "6/4/2014",
                "12/11/2014",
                "5/9/2015",
                "4/2/2014",
                "8/2/2013",
                "12/20/2012",
                "1/28/2014",
                "5/6/2014",
                "12/25/2013",
                "10/17/2012",
                "7/13/2014",
                "12/8/2014",
                "7/4/2014",
                "7/25/2013",
                "1/17/2013",
                "11/17/2013",
                "1/14/2015",
                "3/3/2014",
                "3/31/2015",
                "9/6/2014",
                "3/16/2013",
                "1/15/2013",
                "12/31/2012",
                "4/9/2015",
                "7/20/2013",
                "10/9/2013",
                "11/21/2014",
                "6/27/2013",
                "11/25/2012",
                "5/17/2014",
                "11/9/2012",
                "5/21/2013",
                "11/7/2013",
                "7/22/2014",
                "11/29/2014",
                "10/25/2014",
                "12/14/2013",
                "7/30/2013",
                "8/13/2015",
                "6/17/2014",
                "6/15/2013",
                "12/6/2014",
                "11/12/2013",
                "3/13/2014",
                "1/21/2015",
                "3/15/2013",
                "1/3/2013",
                "4/11/2013",
                "3/30/2013",
                "9/6/2013",
                "9/1/2014",
                "2/26/2013",
                "3/29/2013",
                "10/25/2012",
                "11/30/2013",
                "7/30/2015",
                "1/19/2013",
                "1/2/2013",
                "12/7/2013",
                "6/12/2014",
                "4/3/2014",
                "10/27/2013",
                "2/21/2015",
                "8/12/2015",
                "12/12/2013",
                "12/12/2014",
                "8/13/2013",
                "12/13/2013",
                "9/26/2013",
                "10/28/2013",
                "3/28/2014",
                "9/19/2013",
                "3/14/2015"
            ],
            "with_others": true
        },
        "Product_type": {
            "levels": [
                "Espresso",
                "Herbal Tea",
                "Coffee",
                "Tea"
            ],
            "with_others": true
        },
        "CoffeeTime": {
            "levels": [
                "While coding",
                "Before coding",
                "All the time",
                "Before and while coding",
                "In the morning",
                "After coding",
                "No specific time"
            ],
            "with_others": true
        },
        "Type": {
            "levels": [
                "Regular",
                "Decaf"
            ],
            "with_others": true
        },
        "State": {
            "levels": [
                "California",
                "Utah",
                "Colorado",
                "Oregon",
                "Nevada",
                "Washington",
                "Missouri",
                "Florida",
                "Ohio",
                "Wisconsin",
                "Illinois",
                "Iowa",
                "New York",
                "Connecticut",
                "New Mexico",
                "Texas",
                "New Hampshire",
                "Oklahoma",
                "Louisiana",
                "Massachusetts"
            ],
            "with_others": true
        }
    }
}