Area Code,Cogs,DifferenceBetweenActualandTargetProfit,Date,Inventory Margin,Margin,Market,Product_line,Product_type,Product,Profit,Sales,State,Target_profit,Target_sales ,Total_expenses,Type
303,51,-35,10/1/2012,503,71,Central,Leaves,Herbal Tea,Lemon,-5,122,Colorado,30,90,76,Decaf
970,52,-24,10/1/2012,405,71,Central,Leaves,Herbal Tea,Mint,26,123,Colorado,50,90,45,Decaf
409,43,-22,10/2/2012,419,64,South,Leaves,Herbal Tea,Lemon,28,107,Texas,50,90,36,Decaf
850,38,-15,10/3/2012,871,56,East,Leaves,Tea,Darjeeling,35,94,Florida,50,100,21,Regular
562,72,6,10/4/2012,650,110,West,Leaves,Tea,Green Tea,56,182,California,50,80,54,Regular
712,0,-29,10/5/2012,430,43,Central,Beans,Espresso,Decaf Espresso,31,43,Iowa,60,60,12,Decaf
860,47,-29,10/6/2012,375,64,East,Beans,Espresso,Decaf Espresso,21,111,Connecticut,50,90,43,Decaf
918,27,-39,10/7/2012,859,39,South,Beans,Coffee,Decaf Irish Cream,21,66,Oklahoma,60,90,18,Decaf
775,31,-43,10/8/2012,1000,37,West,Beans,Coffee,Decaf Irish Cream,7,68,Nevada,50,90,30,Decaf
435,40,-23,10/9/2012,881,59,West,Beans,Espresso,Decaf Espresso,37,99,Utah,60,80,22,Decaf
603,49,-27,10/10/2012,310,71,East,Beans,Coffee,Amaretto,33,120,New Hampshire,60,90,38,Regular
603,45,-26,10/11/2012,447,69,East,Beans,Coffee,Colombian,24,114,New Hampshire,50,90,45,Regular
603,45,-37,10/12/2012,320,64,East,Beans,Espresso,Caffe Mocha,7,109,New Hampshire,30,90,71,Regular
318,60,-9,10/13/2012,-762,84,South,Beans,Espresso,Caffe Latte,1,144,Louisiana,10,90,83,Regular
775,34,-32,10/14/2012,240,43,West,Beans,Coffee,Colombian,-2,77,Nevada,30,100,45,Regular
503,54,-28,10/15/2012,404,66,West,Beans,Espresso,Caffe Latte,12,120,Oregon,40,100,54,Regular
573,45,-36,10/16/2012,320,64,Central,Leaves,Herbal Tea,Chamomile,-6,109,Missouri,30,80,70,Decaf
262,48,-15,10/17/2012,851,70,Central,Leaves,Herbal Tea,Lemon,45,118,Wisconsin,60,90,25,Decaf
801,49,-27,10/18/2012,310,71,West,Leaves,Herbal Tea,Chamomile,33,120,Utah,60,90,38,Decaf
425,48,-13,10/19/2012,829,71,West,Leaves,Herbal Tea,Lemon,47,119,Washington,60,90,24,Decaf
860,40,-14,10/20/2012,881,59,East,Leaves,Tea,Darjeeling,36,99,Connecticut,50,100,23,Regular
971,82,14,10/21/2012,788,,West,Leaves,Tea,Earl Grey,64,205,Oregon,50,90,59,Regular
971,91,26,10/22/2012,656,127,West,Leaves,Tea,Green Tea,76,218,Oregon,50,100,51,Regular
915,40,-14,10/23/2012,536,52,South,Beans,Coffee,Decaf Irish Cream,26,92,Texas,40,100,26,Decaf
210,50,8,10/24/2012,589,73,South,Beans,Espresso,Decaf Espresso,48,123,Texas,40,90,25,Decaf
970,40,-13,10/25/2012,536,52,Central,Beans,Coffee,Colombian,27,92,Colorado,40,90,25,Regular
774,52,-8,10/26/2012,554,68,East,Beans,Espresso,Caffe Mocha,8,120,Massachusetts,0,110,76,Regular
954,75,14,10/27/2012,1063,89,East,Leaves,Herbal Tea,Mint,44,164,Florida,30,110,45,Decaf
936,46,1,10/28/2012,424,68,South,Leaves,Herbal Tea,Lemon,31,114,Texas,30,100,37,Decaf
719,55,-5,10/29/2012,410,69,Central,Leaves,Tea,Darjeeling,15,124,Colorado,20,100,54,Regular
847,50,8,10/30/2012,589,73,Central,Leaves,Tea,Darjeeling,48,123,Illinois,40,100,25,Regular
719,57,-1,10/31/2012,1042,68,Central,Leaves,Tea,Earl Grey,29,125,Colorado,30,100,39,Regular
339,36,-9,11/1/2012,862,52,East,Leaves,Tea,Darjeeling,31,88,Massachusetts,40,90,21,Regular
314,33,-23,11/2/2012,836,48,Central,Beans,Espresso,Decaf Espresso,27,81,Missouri,50,100,21,Decaf
504,31,-22,11/3/2012,856,47,South,Beans,Coffee,Decaf Irish Cream,28,78,Louisiana,50,90,19,Decaf
580,36,-10,11/4/2012,862,52,South,Beans,Coffee,Decaf Irish Cream,30,88,Oklahoma,40,100,22,Decaf
225,49,4,11/5/2012,454,71,South,Beans,Espresso,Decaf Espresso,34,120,Louisiana,30,90,37,Decaf
262,54,-6,11/6/2012,391,67,Central,Beans,Coffee,Amaretto,14,121,Wisconsin,20,110,53,Regular
603,46,-10,11/7/2012,316,67,East,Beans,Coffee,Amaretto,30,113,New Hampshire,40,100,37,Regular
603,43,-10,11/8/2012,452,66,East,Beans,Coffee,Colombian,20,109,New Hampshire,30,90,46,Regular
603,44,-18,11/9/2012,325,62,East,Beans,Espresso,Caffe Mocha,-8,106,New Hampshire,10,100,70,Regular
225,53,19,11/10/2012,321,88,South,Beans,Espresso,Caffe Mocha,49,141,Louisiana,30,100,39,Regular
425,54,-7,11/11/2012,391,67,West,Beans,Espresso,Caffe Mocha,13,121,Washington,20,110,54,Regular
918,54,-7,11/12/2012,391,67,South,Leaves,Herbal Tea,Chamomile,13,121,Oklahoma,20,110,54,Decaf
801,46,0,11/13/2012,316,67,West,Leaves,Herbal Tea,Chamomile,30,113,Utah,30,100,37,Decaf
435,43,-10,11/14/2012,452,66,West,Leaves,Herbal Tea,Lemon,20,109,Utah,30,100,46,Decaf
509,47,4,11/15/2012,834,68,West,Leaves,Herbal Tea,Lemon,44,115,Washington,40,100,24,Decaf
203,36,-7,11/16/2012,809,54,East,Leaves,Tea,Green Tea,33,90,Connecticut,40,90,21,Regular
206,61,1,11/17/2012,613,86,West,Leaves,Tea,Green Tea,1,147,Washington,0,100,85,Regular
682,43,-10,11/18/2012,531,56,South,Beans,Coffee,Decaf Irish Cream,30,99,Texas,40,110,26,Decaf
214,54,12,11/19/2012,601,79,South,Beans,Espresso,Decaf Espresso,52,133,Texas,40,100,27,Decaf
970,47,-6,11/20/2012,521,65,Central,Leaves,Herbal Tea,Lemon,-6,112,Colorado,0,100,71,Decaf
303,54,-1,11/21/2012,424,73,Central,Leaves,Herbal Tea,Mint,29,127,Colorado,30,110,44,Decaf
954,65,3,11/22/2012,403,80,East,Leaves,Herbal Tea,Lemon,23,145,Florida,20,100,57,Decaf
561,80,20,11/23/2012,1079,96,East,Leaves,Herbal Tea,Mint,50,176,Florida,30,120,46,Decaf
469,54,-2,11/24/2012,424,73,South,Leaves,Herbal Tea,Chamomile,28,127,Texas,30,110,45,Decaf
214,41,-6,11/25/2012,435,60,South,Leaves,Herbal Tea,Lemon,24,101,Texas,30,90,36,Decaf
619,54,3,11/26/2012,601,79,West,Leaves,Tea,Earl Grey,53,133,California,50,90,26,Regular
314,31,-23,11/27/2012,844,46,Central,Beans,Espresso,Decaf Espresso,27,77,Missouri,50,90,19,Decaf
225,34,-19,11/28/2012,863,51,South,Beans,Coffee,Decaf Irish Cream,31,85,Louisiana,50,100,20,Decaf
580,33,-22,11/29/2012,870,49,South,Beans,Coffee,Decaf Irish Cream,28,82,Oklahoma,50,90,21,Decaf
603,48,-2,11/30/2012,462,74,East,Beans,Coffee,Colombian,28,122,New Hampshire,30,100,46,Regular
985,55,-3,12/1/2012,-1053,76,South,Beans,Espresso,Caffe Latte,-3,131,Louisiana,0,100,79,Regular
505,49,-15,12/2/2012,335,69,South,Beans,Espresso,Caffe Mocha,-5,118,New Mexico,10,90,74,Regular
775,39,-19,12/3/2012,250,49,West,Beans,Coffee,Colombian,1,88,Nevada,20,100,48,Regular
417,49,-5,12/4/2012,335,69,Central,Leaves,Herbal Tea,Chamomile,-5,118,Missouri,0,100,74,Decaf
920,41,0,12/5/2012,320,66,Central,Leaves,Herbal Tea,Chamomile,30,107,Wisconsin,30,90,36,Decaf
573,92,-4,12/6/2012,1898,68,Central,Leaves,Herbal Tea,Lemon,16,160,Missouri,20,140,52,Decaf
475,68,7,12/7/2012,619,85,East,Leaves,Herbal Tea,Lemon,27,153,Connecticut,20,110,58,Decaf
475,63,-4,12/8/2012,1075,76,East,Leaves,Herbal Tea,Mint,36,139,Connecticut,40,100,40,Decaf
435,92,-3,12/9/2012,1898,68,West,Leaves,Herbal Tea,Mint,17,160,Utah,20,140,51,Decaf
920,55,-3,12/10/2012,627,76,Central,Leaves,Tea,Earl Grey,-3,131,Wisconsin,0,100,79,Regular
720,51,-37,12/11/2012,503,71,Central,Leaves,Herbal Tea,Lemon,-7,130,Colorado,30,90,76,Decaf
970,52,-11,12/12/2012,405,71,Central,Leaves,Herbal Tea,Mint,39,131,Colorado,50,90,45,Decaf
430,43,-8,12/13/2012,419,64,South,Leaves,Herbal Tea,Lemon,42,114,Texas,50,90,36,Decaf
561,38,2,12/14/2012,871,56,East,Leaves,Tea,Darjeeling,52,100,Florida,50,100,21,Regular
510,72,33,12/15/2012,650,110,West,Leaves,Tea,Green Tea,83,194,California,50,80,54,Regular
563,0,-14,12/16/2012,430,43,Central,Beans,Espresso,Decaf Espresso,46,46,Iowa,60,60,12,Decaf
203,47,-19,12/17/2012,375,64,East,Beans,Espresso,Decaf Espresso,31,118,Connecticut,50,90,43,Decaf
405,27,-29,12/18/2012,859,39,South,Beans,Coffee,Decaf Irish Cream,31,70,Oklahoma,60,90,18,Decaf
775,31,-40,12/19/2012,1000,37,West,Beans,Coffee,Decaf Irish Cream,10,72,Nevada,50,90,30,Decaf
435,40,-5,12/20/2012,881,59,West,Beans,Espresso,Decaf Espresso,55,106,Utah,60,80,22,Decaf
603,49,-11,12/21/2012,310,71,East,Beans,Coffee,Amaretto,49,128,New Hampshire,60,90,38,Regular
603,45,-14,12/22/2012,447,69,East,Beans,Coffee,Colombian,36,121,New Hampshire,50,90,45,Regular
603,45,-40,12/23/2012,320,64,East,Beans,Espresso,Caffe Mocha,-10,116,New Hampshire,30,90,71,Regular
504,60,-9,12/24/2012,-762,84,South,Beans,Espresso,Caffe Latte,1,153,Louisiana,10,90,83,Regular
702,34,-33,12/25/2012,240,43,West,Beans,Coffee,Colombian,-3,82,Nevada,30,100,45,Regular
971,54,-22,12/26/2012,404,66,West,Beans,Espresso,Caffe Latte,18,128,Oregon,40,100,54,Regular
573,45,-39,12/27/2012,320,64,Central,Leaves,Herbal Tea,Chamomile,-9,116,Missouri,30,80,70,Decaf
262,48,7,12/28/2012,851,70,Central,Leaves,Herbal Tea,Lemon,67,126,Wisconsin,60,90,25,Decaf
801,49,-11,12/29/2012,310,71,West,Leaves,Herbal Tea,Chamomile,49,128,Utah,60,90,38,Decaf
509,48,10,12/30/2012,829,71,West,Leaves,Herbal Tea,Lemon,70,127,Washington,60,90,24,Decaf
475,40,3,12/31/2012,881,59,East,Leaves,Tea,Darjeeling,53,106,Connecticut,50,100,23,Regular
503,82,45,1/1/2013,788,123,West,Leaves,Tea,Earl Grey,95,218,Oregon,50,90,59,Regular
541,91,63,1/2/2013,656,127,West,Leaves,Tea,Green Tea,113,232,Oregon,50,100,51,Regular
936,40,-1,1/3/2013,536,52,South,Beans,Coffee,Decaf Irish Cream,39,98,Texas,40,100,26,Decaf
254,50,31,1/4/2013,589,73,South,Beans,Espresso,Decaf Espresso,71,131,Texas,40,90,25,Decaf
719,40,0,1/5/2013,536,52,Central,Beans,Coffee,Colombian,40,98,Colorado,40,90,25,Regular
339,52,-12,1/6/2013,554,68,East,Beans,Espresso,Caffe Mocha,-12,128,Massachusetts,0,110,76,Regular
561,75,35,1/7/2013,1063,89,East,Leaves,Herbal Tea,Mint,65,175,Florida,30,110,45,Decaf
806,46,16,1/8/2013,424,68,South,Leaves,Herbal Tea,Lemon,46,121,Texas,30,100,37,Decaf
719,55,2,1/9/2013,410,69,Central,Leaves,Tea,Darjeeling,22,132,Colorado,20,100,54,Regular
708,50,31,1/10/2013,589,73,Central,Leaves,Tea,Darjeeling,71,131,Illinois,40,100,25,Regular
719,57,13,1/11/2013,1042,68,Central,Leaves,Tea,Earl Grey,43,133,Colorado,30,100,39,Regular
351,36,6,1/12/2013,862,52,East,Leaves,Tea,Darjeeling,46,94,Massachusetts,40,90,21,Regular
636,33,-10,1/13/2013,836,48,Central,Beans,Espresso,Decaf Espresso,40,86,Missouri,50,100,21,Decaf
504,31,-8,1/14/2013,856,47,South,Beans,Coffee,Decaf Irish Cream,42,83,Louisiana,50,90,19,Decaf
580,36,5,1/15/2013,862,52,South,Beans,Coffee,Decaf Irish Cream,45,94,Oklahoma,40,100,22,Decaf
337,49,20,1/16/2013,454,71,South,Beans,Espresso,Decaf Espresso,50,128,Louisiana,30,90,37,Decaf
262,54,1,1/17/2013,391,67,Central,Beans,Coffee,Amaretto,21,129,Wisconsin,20,110,53,Regular
603,46,5,1/18/2013,316,67,East,Beans,Coffee,Amaretto,45,120,New Hampshire,40,100,37,Regular
603,43,0,1/19/2013,452,66,East,Beans,Coffee,Colombian,30,116,New Hampshire,30,90,46,Regular
603,44,-22,1/20/2013,325,62,East,Beans,Espresso,Caffe Mocha,-12,113,New Hampshire,10,100,70,Regular
318,53,43,1/21/2013,321,88,South,Beans,Espresso,Caffe Mocha,73,150,Louisiana,30,100,39,Regular
206,54,-1,1/22/2013,391,67,West,Beans,Espresso,Caffe Mocha,19,129,Washington,20,110,54,Regular
580,54,-1,1/23/2013,391,67,South,Leaves,Herbal Tea,Chamomile,19,129,Oklahoma,20,110,54,Decaf
435,46,15,1/24/2013,316,67,West,Leaves,Herbal Tea,Chamomile,45,120,Utah,30,100,37,Decaf
435,43,0,1/25/2013,452,66,West,Leaves,Herbal Tea,Lemon,30,116,Utah,30,100,46,Decaf
253,47,25,1/26/2013,834,68,West,Leaves,Herbal Tea,Lemon,65,123,Washington,40,100,24,Decaf
203,36,9,1/27/2013,809,54,East,Leaves,Tea,Green Tea,49,96,Connecticut,40,90,21,Regular
509,61,1,1/28/2013,613,86,West,Leaves,Tea,Green Tea,1,157,Washington,0,100,85,Regular
956,43,5,1/29/2013,531,56,South,Beans,Coffee,Decaf Irish Cream,45,106,Texas,40,110,26,Decaf
430,54,37,1/30/2013,601,79,South,Beans,Espresso,Decaf Espresso,77,142,Texas,40,100,27,Decaf
719,47,-9,1/31/2013,521,65,Central,Leaves,Herbal Tea,Lemon,-9,119,Colorado,0,100,71,Decaf
970,54,13,2/1/2013,424,73,Central,Leaves,Herbal Tea,Mint,43,135,Colorado,30,110,44,Decaf
305,65,14,2/2/2013,403,80,East,Leaves,Herbal Tea,Lemon,34,155,Florida,20,100,57,Decaf
407,80,44,2/3/2013,1079,96,East,Leaves,Herbal Tea,Mint,74,188,Florida,30,120,46,Decaf
325,54,12,2/4/2013,424,73,South,Leaves,Herbal Tea,Chamomile,42,135,Texas,30,110,45,Decaf
430,41,6,2/5/2013,435,60,South,Leaves,Herbal Tea,Lemon,36,108,Texas,30,90,36,Decaf
408,54,29,2/6/2013,601,79,West,Leaves,Tea,Earl Grey,79,142,California,50,90,26,Regular
816,31,-10,2/7/2013,844,46,Central,Beans,Espresso,Decaf Espresso,40,82,Missouri,50,90,19,Decaf
337,34,-4,2/8/2013,863,51,South,Beans,Coffee,Decaf Irish Cream,46,91,Louisiana,50,100,20,Decaf
918,33,-8,2/9/2013,870,49,South,Beans,Coffee,Decaf Irish Cream,42,87,Oklahoma,50,90,21,Decaf
603,48,12,2/10/2013,462,74,East,Beans,Coffee,Colombian,42,130,New Hampshire,30,100,46,Regular
225,55,-4,2/11/2013,-1053,76,South,Beans,Espresso,Caffe Latte,-4,140,Louisiana,0,100,79,Regular
505,49,-17,2/12/2013,335,69,South,Beans,Espresso,Caffe Mocha,-7,126,New Mexico,10,90,74,Regular
702,39,-19,2/13/2013,250,49,West,Beans,Coffee,Colombian,1,94,Nevada,20,100,48,Regular
314,49,-7,2/14/2013,335,69,Central,Leaves,Herbal Tea,Chamomile,-7,126,Missouri,0,100,74,Decaf
920,41,15,2/15/2013,320,66,Central,Leaves,Herbal Tea,Chamomile,45,114,Wisconsin,30,90,36,Decaf
417,92,4,2/16/2013,1898,68,Central,Leaves,Herbal Tea,Lemon,24,171,Missouri,20,140,52,Decaf
860,68,20,2/17/2013,619,85,East,Leaves,Herbal Tea,Lemon,40,163,Connecticut,20,110,58,Decaf
203,63,13,2/18/2013,1075,76,East,Leaves,Herbal Tea,Mint,53,148,Connecticut,40,100,40,Decaf
435,92,5,2/19/2013,1898,68,West,Leaves,Herbal Tea,Mint,25,171,Utah,20,140,51,Decaf
262,55,-4,2/20/2013,627,76,Central,Leaves,Tea,Earl Grey,-4,140,Wisconsin,0,100,79,Regular
719,39,-23,2/21/2013,541,51,Central,Beans,Coffee,Colombian,27,90,Colorado,50,80,24,Regular
305,80,8,2/22/2013,1055,94,East,Leaves,Herbal Tea,Mint,48,174,Florida,40,90,46,Decaf
303,54,-17,2/23/2013,404,66,Central,Leaves,Tea,Darjeeling,13,120,Colorado,30,80,53,Regular
303,54,-13,2/24/2013,1037,64,Central,Leaves,Tea,Earl Grey,27,118,Colorado,40,80,37,Regular
508,27,-30,2/25/2013,859,39,East,Leaves,Tea,Darjeeling,20,66,Massachusetts,50,70,19,Regular
209,76,29,2/26/2013,580,111,West,Leaves,Tea,Earl Grey,79,187,California,50,80,32,Regular
715,22,-40,2/27/2013,573,29,Central,Beans,Espresso,Decaf Espresso,10,51,Wisconsin,50,70,19,Decaf
319,23,-32,2/28/2013,800,35,Central,Beans,Espresso,Caffe Mocha,18,58,Iowa,50,70,17,Regular
959,79,4,3/1/2013,593,98,East,Leaves,Herbal Tea,Lemon,34,177,Connecticut,30,90,64,Decaf
860,65,-15,3/2/2013,1053,77,East,Leaves,Herbal Tea,Mint,35,142,Connecticut,50,80,42,Decaf
262,46,-10,3/3/2013,449,67,Central,Leaves,Tea,Darjeeling,30,113,Wisconsin,40,70,37,Regular
715,60,0,3/4/2013,606,84,Central,Leaves,Tea,Earl Grey,0,144,Wisconsin,0,90,84,Regular
206,60,17,3/5/2013,329,99,West,Leaves,Tea,Darjeeling,57,159,Washington,40,70,42,Regular
773,40,-3,3/6/2013,536,52,Central,Leaves,Herbal Tea,Lemon,27,92,Illinois,30,80,25,Decaf
614,36,-10,3/7/2013,862,52,Central,Leaves,Herbal Tea,Lemon,30,88,Ohio,40,80,22,Decaf
617,55,-5,3/8/2013,410,69,East,Leaves,Herbal Tea,Lemon,15,124,Massachusetts,20,90,54,Decaf
707,40,-3,3/9/2013,536,52,West,Leaves,Herbal Tea,Mint,27,92,California,30,80,25,Decaf
352,28,-17,3/10/2013,875,42,East,Leaves,Tea,Darjeeling,23,70,Florida,40,70,19,Regular
561,31,-12,3/11/2013,856,47,East,Leaves,Tea,Green Tea,28,78,Florida,40,80,19,Regular
351,32,-11,3/12/2013,482,48,East,Leaves,Tea,Green Tea,29,80,Massachusetts,40,80,19,Regular
650,50,7,3/13/2013,589,73,West,Leaves,Tea,Earl Grey,47,123,California,40,80,26,Regular
712,0,-9,3/14/2013,387,43,Central,Beans,Espresso,Decaf Espresso,31,43,Iowa,40,50,12,Decaf
505,82,-18,3/15/2013,1804,40,South,Beans,Coffee,Decaf Irish Cream,-8,122,New Mexico,10,140,48,Decaf
515,22,-24,3/16/2013,802,34,Central,Beans,Espresso,Caffe Mocha,16,56,Iowa,40,70,18,Regular
505,44,-7,3/17/2013,325,62,South,Beans,Espresso,Caffe Mocha,-7,106,New Mexico,0,80,69,Regular
775,33,-14,3/18/2013,243,41,West,Beans,Coffee,Colombian,-4,74,Nevada,10,80,45,Regular
573,44,-8,3/19/2013,325,62,Central,Leaves,Herbal Tea,Chamomile,-8,106,Missouri,0,90,70,Decaf
262,31,-13,3/20/2013,856,47,Central,Leaves,Herbal Tea,Lemon,27,78,Wisconsin,40,70,20,Decaf
475,69,8,3/21/2013,1060,81,East,Leaves,Herbal Tea,Mint,38,150,Connecticut,30,100,43,Decaf
262,49,13,3/22/2013,454,71,Central,Leaves,Tea,Darjeeling,33,120,Wisconsin,20,90,38,Regular
206,49,4,3/23/2013,454,71,West,Leaves,Tea,Earl Grey,34,120,Washington,30,80,37,Regular
970,43,-1,3/24/2013,531,56,Central,Beans,Coffee,Colombian,29,99,Colorado,30,90,27,Regular
614,41,4,3/25/2013,435,60,Central,Beans,Coffee,Colombian,24,101,Ohio,20,90,36,Regular
339,47,-10,3/26/2013,571,52,East,Beans,Espresso,Caffe Mocha,-20,99,Massachusetts,-10,90,72,Regular
773,43,-1,3/27/2013,531,56,Central,Leaves,Herbal Tea,Lemon,29,99,Illinois,30,90,27,Decaf
805,43,-1,3/28/2013,531,56,West,Leaves,Herbal Tea,Mint,29,99,California,30,90,27,Decaf
303,46,-4,3/29/2013,422,57,Central,Leaves,Tea,Darjeeling,6,103,Colorado,10,80,51,Regular
303,53,6,3/30/2013,1054,63,Central,Leaves,Tea,Earl Grey,26,116,Colorado,20,90,37,Regular
617,33,-11,3/31/2013,870,49,East,Leaves,Tea,Darjeeling,29,82,Massachusetts,40,80,20,Regular
863,34,-10,4/1/2013,863,51,East,Leaves,Tea,Green Tea,30,85,Florida,40,80,21,Regular
641,0,-8,4/2/2013,344,43,Central,Beans,Espresso,Decaf Espresso,32,43,Iowa,40,50,11,Decaf
225,43,7,4/3/2013,466,63,South,Beans,Espresso,Decaf Espresso,27,106,Louisiana,20,80,36,Decaf
702,31,-22,4/4/2013,1009,38,West,Beans,Coffee,Decaf Irish Cream,8,69,Nevada,30,80,30,Decaf
515,23,-23,4/5/2013,807,35,Central,Beans,Espresso,Caffe Mocha,17,58,Iowa,40,70,18,Regular
985,41,11,4/6/2013,320,66,South,Beans,Espresso,Caffe Mocha,31,107,Louisiana,20,80,35,Regular
971,46,-4,4/7/2013,422,57,West,Beans,Espresso,Caffe Latte,6,103,Oregon,10,90,51,Regular
262,43,8,4/8/2013,466,63,Central,Leaves,Tea,Darjeeling,28,106,Wisconsin,20,80,35,Regular
959,33,-12,4/9/2013,818,49,East,Leaves,Tea,Green Tea,28,82,Connecticut,40,80,21,Regular
435,49,-4,4/10/2013,335,69,West,Leaves,Tea,Darjeeling,-4,118,Utah,0,80,73,Regular
360,55,7,4/11/2013,627,76,West,Leaves,Tea,Green Tea,-3,131,Washington,-10,90,79,Regular
303,39,-10,4/12/2013,541,51,Central,Beans,Coffee,Colombian,40,96,Colorado,50,80,24,Regular
904,80,31,4/13/2013,1055,94,East,Leaves,Herbal Tea,Mint,71,185,Florida,40,90,46,Decaf
720,54,-11,4/14/2013,404,66,Central,Leaves,Tea,Darjeeling,19,128,Colorado,30,80,53,Regular
970,54,0,4/15/2013,1037,64,Central,Leaves,Tea,Earl Grey,40,126,Colorado,40,80,37,Regular
978,27,-20,4/16/2013,859,39,East,Leaves,Tea,Darjeeling,30,70,Massachusetts,50,70,19,Regular
626,76,67,4/17/2013,580,111,West,Leaves,Tea,Earl Grey,117,199,California,50,80,32,Regular
262,22,-35,4/18/2013,573,29,Central,Beans,Espresso,Decaf Espresso,15,54,Wisconsin,50,70,19,Decaf
641,23,-23,4/19/2013,800,35,Central,Beans,Espresso,Caffe Mocha,27,62,Iowa,50,70,17,Regular
203,79,20,4/20/2013,593,98,East,Leaves,Herbal Tea,Lemon,50,189,Connecticut,30,90,64,Decaf
203,65,2,4/21/2013,1053,77,East,Leaves,Herbal Tea,Mint,52,151,Connecticut,50,80,42,Decaf
262,46,5,4/22/2013,449,67,Central,Leaves,Tea,Darjeeling,45,120,Wisconsin,40,70,37,Regular
262,60,0,4/23/2013,606,84,Central,Leaves,Tea,Earl Grey,0,153,Wisconsin,0,90,84,Regular
425,60,45,4/24/2013,329,99,West,Leaves,Tea,Darjeeling,85,169,Washington,40,70,42,Regular
312,40,10,4/25/2013,536,52,Central,Leaves,Herbal Tea,Lemon,40,98,Illinois,30,80,25,Decaf
419,36,5,4/26/2013,862,52,Central,Leaves,Herbal Tea,Lemon,45,94,Ohio,40,80,22,Decaf
857,55,2,4/27/2013,410,69,East,Leaves,Herbal Tea,Lemon,22,132,Massachusetts,20,90,54,Decaf
323,40,10,4/28/2013,536,52,West,Leaves,Herbal Tea,Mint,40,98,California,30,80,25,Decaf
352,28,-6,4/29/2013,875,42,East,Leaves,Tea,Darjeeling,34,75,Florida,40,70,19,Regular
904,31,2,4/30/2013,856,47,East,Leaves,Tea,Green Tea,42,83,Florida,40,80,19,Regular
978,32,3,5/1/2013,482,48,East,Leaves,Tea,Green Tea,43,85,Massachusetts,40,80,19,Regular
760,50,30,5/2/2013,589,73,West,Leaves,Tea,Earl Grey,70,131,California,40,80,26,Regular
515,0,6,5/3/2013,387,43,Central,Beans,Espresso,Decaf Espresso,46,46,Iowa,40,50,12,Decaf
505,82,-22,5/4/2013,1804,40,South,Beans,Coffee,Decaf Irish Cream,-12,130,New Mexico,10,140,48,Decaf
515,22,-16,5/5/2013,802,34,Central,Beans,Espresso,Caffe Mocha,24,60,Iowa,40,70,18,Regular
505,44,-10,5/6/2013,325,62,South,Beans,Espresso,Caffe Mocha,-10,113,New Mexico,0,80,69,Regular
775,33,-16,5/7/2013,243,41,West,Beans,Coffee,Colombian,-6,79,Nevada,10,80,45,Regular
314,44,-12,5/8/2013,325,62,Central,Leaves,Herbal Tea,Chamomile,-12,113,Missouri,0,90,70,Decaf
715,31,0,5/9/2013,856,47,Central,Leaves,Herbal Tea,Lemon,40,83,Wisconsin,40,70,20,Decaf
959,69,26,5/10/2013,1060,81,East,Leaves,Herbal Tea,Mint,56,160,Connecticut,30,100,43,Decaf
715,49,29,5/11/2013,454,71,Central,Leaves,Tea,Darjeeling,49,128,Wisconsin,20,90,38,Regular
206,49,20,5/12/2013,454,71,West,Leaves,Tea,Earl Grey,50,128,Washington,30,80,37,Regular
970,43,13,5/13/2013,531,56,Central,Beans,Coffee,Colombian,43,106,Colorado,30,90,27,Regular
330,41,16,5/14/2013,435,60,Central,Beans,Coffee,Colombian,36,108,Ohio,20,90,36,Regular
978,47,-20,5/15/2013,571,52,East,Beans,Espresso,Caffe Mocha,-30,106,Massachusetts,-10,90,72,Regular
312,43,13,5/16/2013,531,56,Central,Leaves,Herbal Tea,Lemon,43,106,Illinois,30,90,27,Decaf
323,43,13,5/17/2013,531,56,West,Leaves,Herbal Tea,Mint,43,106,California,30,90,27,Decaf
303,46,-1,5/18/2013,422,57,Central,Leaves,Tea,Darjeeling,9,110,Colorado,10,80,51,Regular
970,53,19,5/19/2013,1054,63,Central,Leaves,Tea,Earl Grey,39,124,Colorado,20,90,37,Regular
978,33,3,5/20/2013,870,49,East,Leaves,Tea,Darjeeling,43,87,Massachusetts,40,80,20,Regular
321,34,5,5/21/2013,863,51,East,Leaves,Tea,Green Tea,45,91,Florida,40,80,21,Regular
563,0,7,5/22/2013,344,43,Central,Beans,Espresso,Decaf Espresso,47,46,Iowa,40,50,11,Decaf
318,43,20,5/23/2013,466,63,South,Beans,Espresso,Decaf Espresso,40,113,Louisiana,20,80,36,Decaf
775,31,-18,5/24/2013,1009,38,West,Beans,Coffee,Decaf Irish Cream,12,74,Nevada,30,80,30,Decaf
515,23,-15,5/25/2013,807,35,Central,Beans,Espresso,Caffe Mocha,25,62,Iowa,40,70,18,Regular
225,41,26,5/26/2013,320,66,South,Beans,Espresso,Caffe Mocha,46,114,Louisiana,20,80,35,Regular
971,46,-1,5/27/2013,422,57,West,Beans,Espresso,Caffe Latte,9,110,Oregon,10,90,51,Regular
262,43,22,5/28/2013,466,63,Central,Leaves,Tea,Darjeeling,42,113,Wisconsin,20,80,35,Regular
959,33,2,5/29/2013,818,49,East,Leaves,Tea,Green Tea,42,87,Connecticut,40,80,21,Regular
435,49,-6,5/30/2013,335,69,West,Leaves,Tea,Darjeeling,-6,126,Utah,0,80,73,Regular
509,55,6,5/31/2013,627,76,West,Leaves,Tea,Green Tea,-4,140,Washington,-10,90,79,Regular
630,39,-13,6/1/2013,541,51,Central,Leaves,Herbal Tea,Lemon,27,90,Illinois,40,60,24,Decaf
209,39,-14,6/2/2013,541,51,West,Leaves,Herbal Tea,Mint,26,90,California,40,60,25,Decaf
505,86,-36,6/3/2013,1698,23,South,Beans,Coffee,Decaf Irish Cream,-26,109,New Mexico,10,150,49,Decaf
318,46,-10,6/4/2013,449,67,South,Beans,Espresso,Decaf Espresso,30,113,Louisiana,40,60,37,Decaf
515,31,-23,6/5/2013,1000,37,Central,Beans,Coffee,Colombian,7,68,Iowa,30,60,30,Regular
505,45,-16,6/6/2013,320,64,South,Beans,Espresso,Caffe Mocha,-6,109,New Mexico,10,60,70,Regular
801,32,-12,6/7/2013,833,47,West,Beans,Espresso,Caffe Latte,28,79,Utah,40,60,19,Regular
505,31,-24,6/8/2013,1000,37,South,Leaves,Herbal Tea,Lemon,6,68,New Mexico,30,50,31,Decaf
636,39,-17,6/9/2013,244,53,Central,Leaves,Tea,Darjeeling,13,92,Missouri,30,60,40,Regular
959,24,-22,6/10/2013,806,36,East,Leaves,Tea,Green Tea,18,60,Connecticut,40,60,18,Regular
603,0,-8,6/11/2013,430,43,East,Leaves,Tea,Green Tea,32,43,New Hampshire,40,40,11,Regular
801,45,-26,6/12/2013,320,64,West,Leaves,Tea,Darjeeling,-6,109,Utah,20,50,70,Regular
206,60,-10,6/13/2013,606,84,West,Leaves,Tea,Green Tea,0,144,Washington,10,60,84,Regular
937,32,-1,6/14/2013,482,48,Central,Leaves,Herbal Tea,Chamomile,29,80,Ohio,30,70,19,Decaf
407,54,3,6/15/2013,391,67,East,Leaves,Herbal Tea,Lemon,13,121,Florida,10,80,54,Decaf
715,22,-19,6/16/2013,570,30,Central,Beans,Espresso,Decaf Espresso,11,52,Wisconsin,30,60,19,Decaf
505,35,-12,6/17/2013,248,47,South,Beans,Espresso,Decaf Espresso,8,82,New Mexico,20,60,39,Decaf
775,29,-15,6/18/2013,1003,35,West,Beans,Coffee,Decaf Irish Cream,5,64,Nevada,20,70,30,Decaf
563,29,-15,6/19/2013,1003,35,Central,Beans,Coffee,Colombian,5,64,Iowa,20,60,30,Regular
603,34,-3,6/20/2013,211,42,East,Beans,Espresso,Regular Espresso,-3,76,New Hampshire,0,70,45,Regular
918,32,-1,6/21/2013,482,48,South,Beans,Espresso,Caffe Mocha,29,80,Oklahoma,30,60,19,Regular
775,0,1,6/22/2013,387,43,West,Beans,Espresso,Caffe Latte,31,43,Nevada,30,40,12,Regular
435,33,-3,6/23/2013,836,48,West,Beans,Espresso,Caffe Latte,27,81,Utah,30,70,21,Regular
573,82,-9,6/24/2013,1804,40,Central,Leaves,Herbal Tea,Lemon,-9,122,Missouri,0,110,49,Decaf
801,82,-8,6/25/2013,1804,40,West,Leaves,Herbal Tea,Mint,-8,122,Utah,0,110,48,Decaf
417,35,-1,6/26/2013,248,47,Central,Leaves,Tea,Darjeeling,9,82,Missouri,10,60,38,Regular
636,34,-3,6/27/2013,211,42,Central,Leaves,Tea,Earl Grey,-3,76,Missouri,0,60,45,Regular
314,33,-4,6/28/2013,243,41,Central,Leaves,Tea,Green Tea,-4,74,Missouri,0,60,45,Regular
603,0,2,6/29/2013,387,43,East,Leaves,Tea,Green Tea,32,43,New Hampshire,30,40,11,Regular
435,44,3,6/30/2013,325,62,West,Leaves,Tea,Darjeeling,-7,106,Utah,-10,70,69,Regular
937,29,-5,7/1/2013,490,44,Central,Leaves,Herbal Tea,Chamomile,25,73,Ohio,30,60,19,Decaf
330,33,-1,7/2/2013,870,49,Central,Leaves,Herbal Tea,Lemon,29,82,Ohio,30,70,20,Decaf
508,46,-3,7/3/2013,422,57,East,Leaves,Herbal Tea,Lemon,7,103,Massachusetts,10,70,50,Decaf
813,30,-4,7/4/2013,882,45,East,Leaves,Tea,Darjeeling,26,75,Florida,30,70,19,Regular
857,29,-5,7/5/2013,490,44,East,Leaves,Tea,Green Tea,25,73,Massachusetts,30,70,19,Regular
262,24,-17,7/6/2013,567,32,Central,Beans,Espresso,Decaf Espresso,13,56,Wisconsin,30,70,19,Decaf
702,0,1,7/7/2013,344,43,West,Beans,Espresso,Caffe Latte,31,43,Nevada,30,40,12,Regular
435,31,-4,7/8/2013,844,46,West,Beans,Espresso,Caffe Latte,26,77,Utah,30,70,20,Regular
715,34,0,7/9/2013,863,51,Central,Leaves,Herbal Tea,Lemon,30,85,Wisconsin,30,70,21,Decaf
603,39,-8,7/10/2013,250,49,East,Leaves,Herbal Tea,Lemon,2,88,New Hampshire,10,60,47,Decaf
505,31,-13,7/11/2013,1009,38,South,Leaves,Herbal Tea,Lemon,7,69,New Mexico,20,60,31,Decaf
573,38,1,7/12/2013,256,51,Central,Leaves,Tea,Darjeeling,11,89,Missouri,10,70,40,Regular
636,39,2,7/13/2013,250,49,Central,Leaves,Tea,Green Tea,2,88,Missouri,0,70,47,Regular
603,0,2,7/14/2013,344,43,East,Leaves,Tea,Green Tea,32,43,New Hampshire,30,40,11,Regular
509,41,10,7/15/2013,320,66,West,Leaves,Tea,Darjeeling,30,107,Washington,20,70,36,Regular
801,38,2,7/16/2013,256,51,West,Leaves,Tea,Earl Grey,12,89,Utah,10,60,39,Regular
509,43,8,7/17/2013,466,63,West,Leaves,Tea,Earl Grey,28,106,Washington,20,70,35,Regular
312,39,0,7/18/2013,541,51,Central,Leaves,Herbal Tea,Lemon,40,96,Illinois,40,60,24,Decaf
530,39,-1,7/19/2013,541,51,West,Leaves,Herbal Tea,Mint,39,96,California,40,60,25,Decaf
505,86,-49,7/20/2013,1698,23,South,Beans,Coffee,Decaf Irish Cream,-39,116,New Mexico,10,150,49,Decaf
318,46,5,7/21/2013,449,67,South,Beans,Espresso,Decaf Espresso,45,120,Louisiana,40,60,37,Decaf
515,31,-20,7/22/2013,1000,37,Central,Beans,Coffee,Colombian,10,72,Iowa,30,60,30,Regular
505,45,-19,7/23/2013,320,64,South,Beans,Espresso,Caffe Mocha,-9,116,New Mexico,10,60,70,Regular
435,32,2,7/24/2013,833,47,West,Beans,Espresso,Caffe Latte,42,84,Utah,40,60,19,Regular
505,31,-21,7/25/2013,1000,37,South,Leaves,Herbal Tea,Lemon,9,72,New Mexico,30,50,31,Decaf
314,39,-11,7/26/2013,244,53,Central,Leaves,Tea,Darjeeling,19,98,Missouri,30,60,40,Regular
203,24,-13,7/27/2013,806,36,East,Leaves,Tea,Green Tea,27,64,Connecticut,40,60,18,Regular
603,0,7,7/28/2013,430,43,East,Leaves,Tea,Green Tea,47,46,New Hampshire,40,40,11,Regular
435,45,-29,7/29/2013,320,64,West,Leaves,Tea,Darjeeling,-9,116,Utah,20,50,70,Regular
206,60,-10,7/30/2013,606,84,West,Leaves,Tea,Green Tea,0,153,Washington,10,60,84,Regular
440,32,13,7/31/2013,482,48,Central,Leaves,Herbal Tea,Chamomile,43,85,Ohio,30,70,19,Decaf
561,54,9,8/1/2013,391,67,East,Leaves,Herbal Tea,Lemon,19,129,Florida,10,80,54,Decaf
920,22,-14,8/2/2013,570,30,Central,Beans,Espresso,Decaf Espresso,16,55,Wisconsin,30,60,19,Decaf
505,35,-8,8/3/2013,248,47,South,Beans,Espresso,Decaf Espresso,12,87,New Mexico,20,60,39,Decaf
702,29,-13,8/4/2013,1003,35,West,Beans,Coffee,Decaf Irish Cream,7,68,Nevada,20,70,30,Decaf
515,29,-13,8/5/2013,1003,35,Central,Beans,Coffee,Colombian,7,68,Iowa,20,60,30,Regular
603,34,-4,8/6/2013,211,42,East,Beans,Espresso,Regular Espresso,-4,81,New Hampshire,0,70,45,Regular
580,32,13,8/7/2013,482,48,South,Beans,Espresso,Caffe Mocha,43,85,Oklahoma,30,60,19,Regular
775,0,16,8/8/2013,387,43,West,Beans,Espresso,Caffe Latte,46,46,Nevada,30,40,12,Regular
435,33,10,8/9/2013,836,48,West,Beans,Espresso,Caffe Latte,40,86,Utah,30,70,21,Regular
314,82,-13,8/10/2013,1804,40,Central,Leaves,Herbal Tea,Lemon,-13,130,Missouri,0,110,49,Decaf
435,82,-12,8/11/2013,1804,40,West,Leaves,Herbal Tea,Mint,-12,130,Utah,0,110,48,Decaf
636,35,3,8/12/2013,248,47,Central,Leaves,Tea,Darjeeling,13,87,Missouri,10,60,38,Regular
573,34,-4,8/13/2013,211,42,Central,Leaves,Tea,Earl Grey,-4,81,Missouri,0,60,45,Regular
314,33,-6,8/14/2013,243,41,Central,Leaves,Tea,Green Tea,-6,79,Missouri,0,60,45,Regular
603,0,17,8/15/2013,387,43,East,Leaves,Tea,Green Tea,47,46,New Hampshire,30,40,11,Regular
435,44,0,8/16/2013,325,62,West,Leaves,Tea,Darjeeling,-10,113,Utah,-10,70,69,Regular
614,29,7,8/17/2013,490,44,Central,Leaves,Herbal Tea,Chamomile,37,78,Ohio,30,60,19,Decaf
440,33,13,8/18/2013,870,49,Central,Leaves,Herbal Tea,Lemon,43,87,Ohio,30,70,20,Decaf
774,46,0,8/19/2013,422,57,East,Leaves,Herbal Tea,Lemon,10,110,Massachusetts,10,70,50,Decaf
321,30,9,8/20/2013,882,45,East,Leaves,Tea,Darjeeling,39,80,Florida,30,70,19,Regular
774,29,7,8/21/2013,490,44,East,Leaves,Tea,Green Tea,37,78,Massachusetts,30,70,19,Regular
608,24,-11,8/22/2013,567,32,Central,Beans,Espresso,Decaf Espresso,19,60,Wisconsin,30,70,19,Decaf
775,0,16,8/23/2013,344,43,West,Beans,Espresso,Caffe Latte,46,46,Nevada,30,40,12,Regular
435,31,9,8/24/2013,844,46,West,Beans,Espresso,Caffe Latte,39,82,Utah,30,70,20,Regular
715,34,15,8/25/2013,863,51,Central,Leaves,Herbal Tea,Lemon,45,91,Wisconsin,30,70,21,Decaf
603,39,-7,8/26/2013,250,49,East,Leaves,Herbal Tea,Lemon,3,94,New Hampshire,10,60,47,Decaf
505,31,-10,8/27/2013,1009,38,South,Leaves,Herbal Tea,Lemon,10,74,New Mexico,20,60,31,Decaf
314,38,6,8/28/2013,256,51,Central,Leaves,Tea,Darjeeling,16,95,Missouri,10,70,40,Regular
660,39,3,8/29/2013,250,49,Central,Leaves,Tea,Green Tea,3,94,Missouri,0,70,47,Regular
603,0,17,8/30/2013,344,43,East,Leaves,Tea,Green Tea,47,46,New Hampshire,30,40,11,Regular
253,41,25,8/31/2013,320,66,West,Leaves,Tea,Darjeeling,45,114,Washington,20,70,36,Regular
435,38,8,9/1/2013,256,51,West,Leaves,Tea,Earl Grey,18,95,Utah,10,60,39,Regular
253,43,22,9/2/2013,466,63,West,Leaves,Tea,Earl Grey,42,113,Washington,20,70,35,Regular
216,51,-35,9/3/2013,503,71,Central,Beans,Coffee,Decaf Irish Cream,-5,122,Ohio,30,110,76,Decaf
440,52,-34,9/4/2013,405,71,Central,Beans,Coffee,Amaretto,26,123,Ohio,60,110,45,Regular
937,43,-32,9/5/2013,419,64,Central,Beans,Coffee,Colombian,28,107,Ohio,60,100,36,Regular
774,51,-41,9/6/2013,542,65,East,Beans,Espresso,Caffe Mocha,-11,116,Massachusetts,30,100,76,Regular
832,72,5,9/7/2013,-868,110,South,Beans,Espresso,Caffe Latte,55,182,Texas,50,110,55,Regular
863,48,-14,9/8/2013,851,70,East,Leaves,Tea,Green Tea,46,118,Florida,60,120,24,Regular
985,60,-12,9/9/2013,329,99,South,Beans,Espresso,Caffe Mocha,58,159,Louisiana,70,100,41,Regular
971,52,-33,9/10/2013,405,71,West,Beans,Espresso,Caffe Mocha,27,123,Oregon,60,100,44,Regular
253,56,-34,9/11/2013,385,70,West,Beans,Espresso,Caffe Mocha,16,126,Washington,50,110,54,Regular
405,56,-34,9/12/2013,385,70,South,Leaves,Herbal Tea,Chamomile,16,126,Oklahoma,50,110,54,Decaf
435,45,-37,9/13/2013,447,69,West,Leaves,Herbal Tea,Lemon,23,114,Utah,60,90,46,Decaf
567,52,-13,9/14/2013,509,73,Central,Beans,Coffee,Decaf Irish Cream,-3,125,Ohio,10,120,76,Decaf
614,46,-8,9/15/2013,424,68,Central,Beans,Coffee,Colombian,32,114,Ohio,40,110,36,Regular
303,52,-14,9/16/2013,509,73,Central,Leaves,Herbal Tea,Lemon,-4,125,Colorado,10,110,77,Decaf
720,59,-8,9/17/2013,411,79,Central,Leaves,Herbal Tea,Mint,32,138,Colorado,40,120,47,Decaf
713,59,-8,9/18/2013,411,79,South,Leaves,Herbal Tea,Chamomile,32,138,Texas,40,120,47,Decaf
718,50,-3,9/19/2013,589,73,East,Leaves,Tea,Green Tea,47,123,New York,50,120,26,Regular
860,53,-14,9/20/2013,380,71,East,Beans,Espresso,Decaf Espresso,26,124,Connecticut,40,120,45,Decaf
435,54,2,9/21/2013,885,78,West,Beans,Espresso,Decaf Espresso,52,132,Utah,50,120,26,Decaf
505,43,-10,9/22/2013,452,66,South,Beans,Coffee,Colombian,20,109,New Mexico,30,120,46,Regular
504,61,-9,9/23/2013,-906,86,South,Beans,Espresso,Caffe Latte,1,147,Louisiana,10,110,85,Regular
541,55,-14,9/24/2013,410,69,West,Beans,Espresso,Caffe Latte,16,124,Oregon,30,120,53,Regular
860,82,8,9/25/2013,601,102,East,Leaves,Herbal Tea,Lemon,38,184,Connecticut,30,130,64,Decaf
715,61,2,9/26/2013,613,86,Central,Leaves,Tea,Earl Grey,2,147,Wisconsin,0,120,84,Regular
425,53,-1,9/27/2013,321,88,West,Leaves,Tea,Darjeeling,49,141,Washington,50,100,39,Regular
419,47,-16,9/28/2013,521,65,Central,Beans,Coffee,Decaf Irish Cream,-6,112,Ohio,10,110,71,Decaf
513,54,-11,9/29/2013,424,73,Central,Beans,Coffee,Amaretto,29,127,Ohio,40,120,44,Regular
512,67,17,9/30/2013,-1239,101,South,Beans,Espresso,Caffe Latte,47,168,Texas,30,120,54,Regular
309,54,3,10/1/2013,601,79,Central,Leaves,Tea,Darjeeling,53,133,Illinois,50,110,26,Regular
816,63,-4,10/2/2013,1075,76,Central,Beans,Coffee,Decaf Irish Cream,36,139,Missouri,40,130,40,Decaf
959,49,-19,10/3/2013,392,65,East,Beans,Espresso,Decaf Espresso,21,114,Connecticut,40,110,44,Decaf
435,50,-3,10/4/2013,898,73,West,Beans,Espresso,Decaf Espresso,47,123,Utah,50,110,26,Decaf
603,52,-13,10/5/2013,327,75,East,Beans,Coffee,Amaretto,37,127,New Hampshire,50,110,38,Regular
475,55,-12,10/6/2013,627,76,East,Beans,Espresso,Caffe Mocha,-2,131,Connecticut,10,120,78,Regular
603,49,-14,10/7/2013,335,69,East,Beans,Espresso,Caffe Mocha,-4,118,New Hampshire,10,110,73,Regular
503,41,-19,10/8/2013,482,57,West,Beans,Coffee,Colombian,1,98,Oregon,20,110,56,Regular
503,54,-12,10/9/2013,424,73,West,Beans,Espresso,Caffe Mocha,28,127,Oregon,40,120,45,Regular
405,65,2,10/10/2013,403,80,South,Leaves,Herbal Tea,Chamomile,22,145,Oklahoma,20,130,58,Decaf
435,52,-4,10/11/2013,327,75,West,Leaves,Herbal Tea,Chamomile,36,127,Utah,40,110,39,Decaf
801,48,-12,10/12/2013,462,74,West,Leaves,Herbal Tea,Lemon,28,122,Utah,40,110,46,Decaf
425,49,-4,10/13/2013,845,71,West,Leaves,Herbal Tea,Lemon,46,120,Washington,50,110,25,Decaf
860,50,-3,10/14/2013,898,73,East,Leaves,Tea,Darjeeling,47,123,Connecticut,50,120,26,Regular
234,51,-37,10/15/2013,503,71,Central,Beans,Coffee,Decaf Irish Cream,-7,130,Ohio,30,110,76,Decaf
614,52,-21,10/16/2013,405,71,Central,Beans,Coffee,Amaretto,39,131,Ohio,60,110,45,Regular
937,43,-18,10/17/2013,419,64,Central,Beans,Coffee,Colombian,42,114,Ohio,60,100,36,Regular
774,51,-46,10/18/2013,542,65,East,Beans,Espresso,Caffe Mocha,-16,124,Massachusetts,30,100,76,Regular
682,72,32,10/19/2013,-868,110,South,Beans,Espresso,Caffe Latte,82,194,Texas,50,110,55,Regular
772,48,8,10/20/2013,851,70,East,Leaves,Tea,Green Tea,68,126,Florida,60,120,24,Regular
225,60,16,10/21/2013,329,99,South,Beans,Espresso,Caffe Mocha,86,169,Louisiana,70,100,41,Regular
541,52,-20,10/22/2013,405,71,West,Beans,Espresso,Caffe Mocha,40,131,Oregon,60,100,44,Regular
425,56,-26,10/23/2013,385,70,West,Beans,Espresso,Caffe Mocha,24,134,Washington,50,110,54,Regular
580,56,-26,10/24/2013,385,70,South,Leaves,Herbal Tea,Chamomile,24,134,Oklahoma,50,110,54,Decaf
435,45,-26,10/25/2013,447,69,West,Leaves,Herbal Tea,Lemon,34,121,Utah,60,90,46,Decaf
614,52,-14,10/26/2013,509,73,Central,Beans,Coffee,Decaf Irish Cream,-4,133,Ohio,10,120,76,Decaf
234,46,7,10/27/2013,424,68,Central,Beans,Coffee,Colombian,47,121,Ohio,40,110,36,Regular
970,52,-16,10/28/2013,509,73,Central,Leaves,Herbal Tea,Lemon,-6,133,Colorado,10,110,77,Decaf
970,59,7,10/29/2013,411,79,Central,Leaves,Herbal Tea,Mint,47,147,Colorado,40,120,47,Decaf
936,59,7,10/30/2013,411,79,South,Leaves,Herbal Tea,Chamomile,47,147,Texas,40,120,47,Decaf
914,50,20,10/31/2013,589,73,East,Leaves,Tea,Green Tea,70,131,New York,50,120,26,Regular
203,53,-1,11/1/2013,380,71,East,Beans,Espresso,Decaf Espresso,39,132,Connecticut,40,120,45,Decaf
435,54,27,11/2/2013,885,78,West,Beans,Espresso,Decaf Espresso,77,141,Utah,50,120,26,Decaf
505,43,0,11/3/2013,452,66,South,Beans,Coffee,Colombian,30,116,New Mexico,30,120,46,Regular
318,61,-9,11/4/2013,-906,86,South,Beans,Espresso,Caffe Latte,1,157,Louisiana,10,110,85,Regular
503,55,-6,11/5/2013,410,69,West,Beans,Espresso,Caffe Latte,24,132,Oregon,30,120,53,Regular
475,82,26,11/6/2013,601,102,East,Leaves,Herbal Tea,Lemon,56,196,Connecticut,30,130,64,Decaf
715,61,3,11/7/2013,613,86,Central,Leaves,Tea,Earl Grey,3,157,Wisconsin,0,120,84,Regular
509,53,23,11/8/2013,321,88,West,Leaves,Tea,Darjeeling,73,150,Washington,50,100,39,Regular
513,47,-19,11/9/2013,521,65,Central,Beans,Coffee,Decaf Irish Cream,-9,119,Ohio,10,110,71,Decaf
234,54,3,11/10/2013,424,73,Central,Beans,Coffee,Amaretto,43,135,Ohio,40,120,44,Regular
361,67,40,11/11/2013,-1239,101,South,Beans,Espresso,Caffe Latte,70,179,Texas,30,120,54,Regular
630,54,29,11/12/2013,601,79,Central,Leaves,Tea,Darjeeling,79,142,Illinois,50,110,26,Regular
636,63,13,11/13/2013,1075,76,Central,Beans,Coffee,Decaf Irish Cream,53,148,Missouri,40,130,40,Decaf
203,49,-9,11/14/2013,392,65,East,Beans,Espresso,Decaf Espresso,31,121,Connecticut,40,110,44,Decaf
435,50,20,11/15/2013,898,73,West,Beans,Espresso,Decaf Espresso,70,131,Utah,50,110,26,Decaf
603,52,5,11/16/2013,327,75,East,Beans,Coffee,Amaretto,55,135,New Hampshire,50,110,38,Regular
203,55,-13,11/17/2013,627,76,East,Beans,Espresso,Caffe Mocha,-3,140,Connecticut,10,120,78,Regular
603,49,-16,11/18/2013,335,69,East,Beans,Espresso,Caffe Mocha,-6,126,New Hampshire,10,110,73,Regular
541,41,-19,11/19/2013,482,57,West,Beans,Coffee,Colombian,1,104,Oregon,20,110,56,Regular
503,54,2,11/20/2013,424,73,West,Beans,Espresso,Caffe Mocha,42,135,Oregon,40,120,45,Regular
405,65,13,11/21/2013,403,80,South,Leaves,Herbal Tea,Chamomile,33,155,Oklahoma,20,130,58,Decaf
435,52,13,11/22/2013,327,75,West,Leaves,Herbal Tea,Chamomile,53,135,Utah,40,110,39,Decaf
435,48,2,11/23/2013,462,74,West,Leaves,Herbal Tea,Lemon,42,130,Utah,40,110,46,Decaf
425,49,18,11/24/2013,845,71,West,Leaves,Herbal Tea,Lemon,68,128,Washington,50,110,25,Decaf
959,50,20,11/25/2013,898,73,East,Leaves,Tea,Darjeeling,70,131,Connecticut,50,120,26,Regular
937,21,-14,11/26/2013,480,32,Central,Leaves,Herbal Tea,Chamomile,16,53,Ohio,30,30,16,Decaf
513,27,-10,11/27/2013,859,39,Central,Leaves,Herbal Tea,Lemon,20,66,Ohio,30,40,19,Decaf
850,56,-4,11/28/2013,385,70,East,Leaves,Herbal Tea,Lemon,16,126,Florida,20,60,54,Decaf
781,54,-7,11/29/2013,404,66,East,Leaves,Herbal Tea,Lemon,13,120,Massachusetts,20,60,53,Decaf
413,21,-15,11/30/2013,480,32,East,Leaves,Tea,Green Tea,15,53,Massachusetts,30,50,17,Regular
505,39,-6,12/1/2013,244,53,South,Beans,Espresso,Decaf Espresso,14,92,New Mexico,20,50,39,Decaf
702,23,-13,12/2/2013,800,35,West,Beans,Espresso,Decaf Espresso,17,58,Nevada,30,40,18,Decaf
563,21,-15,12/3/2013,846,31,Central,Beans,Coffee,Amaretto,15,52,Iowa,30,40,16,Regular
603,25,-22,12/4/2013,209,31,East,Beans,Espresso,Regular Espresso,-12,56,New Hampshire,10,40,43,Regular
405,21,-15,12/5/2013,480,32,South,Beans,Espresso,Caffe Mocha,15,53,Oklahoma,30,30,17,Regular
702,0,2,12/6/2013,430,43,West,Beans,Espresso,Caffe Latte,32,43,Nevada,30,30,11,Regular
603,34,-23,12/7/2013,240,43,East,Leaves,Herbal Tea,Lemon,-3,77,New Hampshire,20,40,46,Decaf
505,21,-16,12/8/2013,846,31,South,Leaves,Herbal Tea,Chamomile,14,52,New Mexico,30,40,17,Decaf
971,25,-13,12/9/2013,820,36,West,Leaves,Herbal Tea,Chamomile,17,61,Oregon,30,40,19,Decaf
314,34,-13,12/10/2013,240,43,Central,Leaves,Tea,Green Tea,-3,77,Missouri,10,40,46,Regular
603,21,-16,12/11/2013,846,31,East,Leaves,Tea,Darjeeling,14,52,New Hampshire,30,50,17,Regular
435,39,-6,12/12/2013,244,53,West,Leaves,Tea,Earl Grey,14,92,Utah,20,40,39,Regular
360,46,1,12/13/2013,449,67,West,Leaves,Tea,Earl Grey,31,113,Washington,30,50,36,Regular
775,22,-3,12/14/2013,802,34,West,Beans,Espresso,Decaf Espresso,17,56,Nevada,20,50,17,Decaf
505,34,6,12/15/2013,-522,42,South,Beans,Espresso,Caffe Latte,-4,76,New Mexico,-10,50,46,Regular
253,22,-9,12/16/2013,570,30,West,Beans,Espresso,Caffe Latte,11,52,Washington,20,50,19,Regular
603,33,-4,12/17/2013,243,41,East,Leaves,Herbal Tea,Lemon,-4,74,New Hampshire,0,50,45,Decaf
505,29,-5,12/18/2013,1003,35,South,Leaves,Herbal Tea,Lemon,5,64,New Mexico,10,50,30,Decaf
503,25,-1,12/19/2013,823,38,West,Leaves,Herbal Tea,Chamomile,19,63,Oregon,20,50,19,Decaf
603,15,-12,12/20/2013,848,24,East,Leaves,Tea,Darjeeling,8,39,New Hampshire,20,40,16,Regular
541,32,-2,12/21/2013,482,48,West,Leaves,Tea,Darjeeling,28,80,Oregon,30,50,20,Regular
435,35,-1,12/22/2013,248,47,West,Leaves,Tea,Earl Grey,9,82,Utah,10,50,38,Regular
801,34,-3,12/23/2013,211,42,West,Leaves,Tea,Green Tea,-3,76,Utah,0,50,45,Regular
772,24,-8,12/24/2013,567,32,East,Leaves,Herbal Tea,Chamomile,12,56,Florida,20,40,20,Decaf
505,38,12,12/25/2013,256,51,South,Beans,Espresso,Decaf Espresso,12,89,New Mexico,0,60,39,Decaf
702,23,-3,12/26/2013,807,35,West,Beans,Espresso,Decaf Espresso,17,58,Nevada,20,50,18,Decaf
641,16,-10,12/27/2013,851,25,Central,Beans,Coffee,Amaretto,10,41,Iowa,20,40,15,Regular
563,31,-2,12/28/2013,1009,38,Central,Beans,Coffee,Colombian,8,69,Iowa,10,60,30,Regular
603,20,-16,12/29/2013,218,25,East,Beans,Espresso,Regular Espresso,-16,45,New Hampshire,0,40,41,Regular
580,29,4,12/30/2013,490,44,South,Beans,Espresso,Caffe Mocha,24,73,Oklahoma,20,50,20,Regular
253,24,-7,12/31/2013,567,32,West,Beans,Espresso,Caffe Latte,13,56,Washington,20,50,19,Regular
541,24,-1,1/1/2014,829,36,West,Leaves,Herbal Tea,Chamomile,19,60,Oregon,20,50,17,Decaf
603,16,-10,1/2/2014,851,25,East,Leaves,Tea,Darjeeling,10,41,New Hampshire,20,40,15,Regular
971,29,-5,1/3/2014,490,44,West,Leaves,Tea,Darjeeling,25,73,Oregon,30,50,19,Regular
937,21,-6,1/4/2014,480,32,Central,Leaves,Herbal Tea,Chamomile,24,56,Ohio,30,30,16,Decaf
937,27,0,1/5/2014,859,39,Central,Leaves,Herbal Tea,Lemon,30,70,Ohio,30,40,19,Decaf
786,56,4,1/6/2014,385,70,East,Leaves,Herbal Tea,Lemon,24,134,Florida,20,60,54,Decaf
339,54,-1,1/7/2014,404,66,East,Leaves,Herbal Tea,Lemon,19,128,Massachusetts,20,60,53,Decaf
781,21,-8,1/8/2014,480,32,East,Leaves,Tea,Green Tea,22,56,Massachusetts,30,50,17,Regular
505,39,1,1/9/2014,244,53,South,Beans,Espresso,Decaf Espresso,21,98,New Mexico,20,50,39,Decaf
775,23,-5,1/10/2014,800,35,West,Beans,Espresso,Decaf Espresso,25,62,Nevada,30,40,18,Decaf
515,21,-8,1/11/2014,846,31,Central,Beans,Coffee,Amaretto,22,55,Iowa,30,40,16,Regular
603,25,-28,1/12/2014,209,31,East,Beans,Espresso,Regular Espresso,18,60,New Hampshire,10,40,43,Regular
580,21,-8,1/13/2014,480,32,South,Beans,Espresso,Caffe Mocha,22,56,Oklahoma,30,30,17,Regular
702,0,17,1/14/2014,430,43,West,Beans,Espresso,Caffe Latte,47,46,Nevada,30,30,11,Regular
603,34,-24,1/15/2014,240,43,East,Leaves,Herbal Tea,Lemon,4,82,New Hampshire,20,40,46,Decaf
505,21,-9,1/16/2014,846,31,South,Leaves,Herbal Tea,Chamomile,21,55,New Mexico,30,40,17,Decaf
971,25,-5,1/17/2014,820,36,West,Leaves,Herbal Tea,Chamomile,25,65,Oregon,30,40,19,Decaf
314,34,-14,1/18/2014,240,43,Central,Leaves,Tea,Green Tea,4,82,Missouri,10,40,46,Regular
603,21,-9,1/19/2014,846,31,East,Leaves,Tea,Darjeeling,21,55,New Hampshire,30,50,17,Regular
435,39,1,1/20/2014,244,53,West,Leaves,Tea,Earl Grey,21,98,Utah,20,40,39,Regular
509,46,16,1/21/2014,449,67,West,Leaves,Tea,Earl Grey,46,120,Washington,30,50,36,Regular
775,22,5,1/22/2014,802,34,West,Beans,Espresso,Decaf Espresso,25,60,Nevada,20,50,17,Decaf
505,34,4,1/23/2014,-522,42,South,Beans,Espresso,Caffe Latte,-6,81,New Mexico,-10,50,46,Regular
425,22,-4,1/24/2014,570,30,West,Beans,Espresso,Caffe Latte,16,55,Washington,20,50,19,Regular
603,33,-6,1/25/2014,243,41,East,Leaves,Herbal Tea,Lemon,6,79,New Hampshire,0,50,45,Decaf
505,29,-3,1/26/2014,1003,35,South,Leaves,Herbal Tea,Lemon,7,68,New Mexico,10,50,30,Decaf
541,25,8,1/27/2014,823,38,West,Leaves,Herbal Tea,Chamomile,28,67,Oregon,20,50,19,Decaf
603,15,-8,1/28/2014,848,24,East,Leaves,Tea,Darjeeling,12,42,New Hampshire,20,40,16,Regular
503,32,12,1/29/2014,482,48,West,Leaves,Tea,Darjeeling,42,85,Oregon,30,50,20,Regular
435,35,3,1/30/2014,248,47,West,Leaves,Tea,Earl Grey,13,87,Utah,10,50,38,Regular
435,34,-4,1/31/2014,211,42,West,Leaves,Tea,Green Tea,-4,81,Utah,0,50,45,Regular
904,24,-2,2/1/2014,567,32,East,Leaves,Herbal Tea,Chamomile,18,60,Florida,20,40,20,Decaf
505,38,18,2/2/2014,256,51,South,Beans,Espresso,Decaf Espresso,18,95,New Mexico,0,60,39,Decaf
775,23,5,2/3/2014,807,35,West,Beans,Espresso,Decaf Espresso,25,62,Nevada,20,50,18,Decaf
563,16,-5,2/4/2014,851,25,Central,Beans,Coffee,Amaretto,15,44,Iowa,20,40,15,Regular
641,31,2,2/5/2014,1009,38,Central,Beans,Coffee,Colombian,12,74,Iowa,10,60,30,Regular
603,20,-24,2/6/2014,218,25,East,Beans,Espresso,Regular Espresso,24,48,New Hampshire,0,40,41,Regular
580,29,16,2/7/2014,490,44,South,Beans,Espresso,Caffe Mocha,36,78,Oklahoma,20,50,20,Regular
206,24,-1,2/8/2014,567,32,West,Beans,Espresso,Caffe Latte,19,60,Washington,20,50,19,Regular
503,24,8,2/9/2014,829,36,West,Leaves,Herbal Tea,Chamomile,28,64,Oregon,20,50,17,Decaf
603,16,-5,2/10/2014,851,25,East,Leaves,Tea,Darjeeling,15,44,New Hampshire,20,40,15,Regular
541,29,7,2/11/2014,490,44,West,Leaves,Tea,Darjeeling,37,78,Oregon,30,50,19,Regular
915,76,-2,2/12/2014,580,111,South,Beans,Espresso,Decaf Espresso,78,187,Texas,80,120,33,Decaf
713,52,-44,2/13/2014,405,71,South,Leaves,Herbal Tea,Chamomile,26,123,Texas,70,110,45,Decaf
217,76,-2,2/14/2014,580,111,Central,Leaves,Tea,Darjeeling,78,187,Illinois,80,130,33,Regular
847,72,5,2/15/2014,650,110,Central,Leaves,Tea,Earl Grey,55,182,Illinois,50,130,55,Regular
660,65,-35,2/16/2014,1053,77,Central,Beans,Coffee,Decaf Irish Cream,35,142,Missouri,70,130,42,Decaf
660,32,-52,2/17/2014,833,47,Central,Beans,Espresso,Decaf Espresso,28,79,Missouri,80,110,19,Decaf
405,82,5,2/18/2014,788,123,South,Beans,Espresso,Decaf Espresso,65,205,Oklahoma,60,130,58,Decaf
715,56,-35,2/19/2014,385,70,Central,Beans,Coffee,Amaretto,15,126,Wisconsin,50,120,55,Regular
405,91,6,2/20/2014,-1785,127,South,Beans,Espresso,Caffe Latte,76,218,Oklahoma,70,130,51,Regular
414,60,-23,2/21/2014,329,99,Central,Leaves,Herbal Tea,Chamomile,57,159,Wisconsin,80,120,42,Decaf
419,55,-24,2/22/2014,410,69,Central,Beans,Espresso,Decaf Espresso,16,124,Ohio,40,150,53,Decaf
330,59,-17,2/23/2014,411,79,Central,Beans,Coffee,Amaretto,33,138,Ohio,50,130,46,Regular
650,75,19,2/24/2014,659,114,West,Leaves,Tea,Green Tea,59,189,California,40,130,55,Regular
314,69,-2,2/25/2014,1060,81,Central,Beans,Coffee,Decaf Irish Cream,38,150,Missouri,40,140,43,Decaf
503,46,-18,2/26/2014,424,68,West,Beans,Coffee,Decaf Irish Cream,32,114,Oregon,50,130,36,Decaf
206,75,5,2/27/2014,1063,89,West,Beans,Espresso,Decaf Espresso,45,164,Washington,40,150,44,Decaf
203,61,-8,2/28/2014,613,86,East,Beans,Espresso,Caffe Mocha,2,147,Connecticut,10,140,84,Regular
225,47,-16,3/1/2014,834,68,South,Beans,Coffee,Colombian,44,115,Louisiana,60,130,24,Regular
541,52,-14,3/2/2014,509,73,West,Beans,Coffee,Amaretto,-4,125,Oregon,10,140,77,Regular
435,53,-23,3/3/2014,380,71,West,Beans,Coffee,Colombian,27,124,Utah,50,140,44,Regular
503,59,-17,3/4/2014,411,79,West,Beans,Espresso,Caffe Mocha,33,138,Oregon,50,130,46,Regular
920,53,-2,3/5/2014,321,88,Central,Leaves,Herbal Tea,Chamomile,48,141,Wisconsin,50,130,40,Decaf
959,54,-9,3/6/2014,885,78,East,Leaves,Tea,Darjeeling,51,132,Connecticut,60,130,27,Regular
740,46,-34,3/7/2014,422,57,Central,Beans,Espresso,Decaf Espresso,6,103,Ohio,40,130,51,Decaf
630,67,7,3/8/2014,677,101,Central,Leaves,Tea,Earl Grey,47,168,Illinois,40,130,54,Regular
518,54,-8,3/9/2014,601,79,East,Leaves,Tea,Green Tea,52,133,New York,60,130,27,Regular
213,67,-3,3/10/2014,677,101,West,Leaves,Tea,Green Tea,47,168,California,50,120,54,Regular
503,41,-25,3/11/2014,435,60,West,Beans,Coffee,Decaf Irish Cream,25,101,Oregon,50,120,35,Decaf
715,65,-8,3/12/2014,403,80,Central,Beans,Coffee,Amaretto,22,145,Wisconsin,30,140,58,Regular
503,47,-27,3/13/2014,521,65,West,Beans,Coffee,Amaretto,-7,112,Oregon,20,130,72,Regular
801,49,-29,3/14/2014,392,65,West,Beans,Coffee,Colombian,21,114,Utah,50,130,44,Regular
509,65,-7,3/15/2014,403,80,West,Beans,Espresso,Caffe Mocha,23,145,Washington,30,140,57,Regular
985,68,-4,3/16/2014,619,85,South,Leaves,Herbal Tea,Lemon,26,153,Louisiana,30,140,59,Decaf
432,76,36,3/17/2014,580,111,South,Beans,Espresso,Decaf Espresso,116,199,Texas,80,120,33,Decaf
325,52,-31,3/18/2014,405,71,South,Leaves,Herbal Tea,Chamomile,39,131,Texas,70,110,45,Decaf
815,76,36,3/19/2014,580,111,Central,Leaves,Tea,Darjeeling,116,199,Illinois,80,130,33,Regular
815,72,32,3/20/2014,650,110,Central,Leaves,Tea,Earl Grey,82,194,Illinois,50,130,55,Regular
636,65,-18,3/21/2014,1053,77,Central,Beans,Coffee,Decaf Irish Cream,52,151,Missouri,70,130,42,Decaf
417,32,-38,3/22/2014,833,47,Central,Beans,Espresso,Decaf Espresso,42,84,Missouri,80,110,19,Decaf
405,82,36,3/23/2014,788,123,South,Beans,Espresso,Decaf Espresso,96,218,Oklahoma,60,130,58,Decaf
414,56,-28,3/24/2014,385,70,Central,Beans,Coffee,Amaretto,22,134,Wisconsin,50,120,55,Regular
405,91,43,3/25/2014,-1785,127,South,Beans,Espresso,Caffe Latte,113,232,Oklahoma,70,130,51,Regular
715,60,5,3/26/2014,329,99,Central,Leaves,Herbal Tea,Chamomile,85,169,Wisconsin,80,120,42,Decaf
937,55,-16,3/27/2014,410,69,Central,Beans,Espresso,Decaf Espresso,24,132,Ohio,40,150,53,Decaf
234,59,-1,3/28/2014,411,79,Central,Beans,Coffee,Amaretto,49,147,Ohio,50,130,46,Regular
209,75,48,3/29/2014,659,114,West,Leaves,Tea,Green Tea,88,201,California,40,130,55,Regular
417,69,16,3/30/2014,1060,81,Central,Beans,Coffee,Decaf Irish Cream,56,160,Missouri,40,140,43,Decaf
503,46,-3,3/31/2014,424,68,West,Beans,Coffee,Decaf Irish Cream,47,121,Oregon,50,130,36,Decaf
425,75,27,4/1/2014,1063,89,West,Beans,Espresso,Decaf Espresso,67,175,Washington,40,150,44,Decaf
475,61,-7,4/2/2014,613,86,East,Beans,Espresso,Caffe Mocha,3,157,Connecticut,10,140,84,Regular
318,47,5,4/3/2014,834,68,South,Beans,Coffee,Colombian,65,123,Louisiana,60,130,24,Regular
971,52,-16,4/4/2014,509,73,West,Beans,Coffee,Amaretto,-6,133,Oregon,10,140,77,Regular
435,53,-10,4/5/2014,380,71,West,Beans,Coffee,Colombian,40,132,Utah,50,140,44,Regular
541,59,-1,4/6/2014,411,79,West,Beans,Espresso,Caffe Mocha,49,147,Oregon,50,130,46,Regular
262,53,21,4/7/2014,321,88,Central,Leaves,Herbal Tea,Chamomile,71,150,Wisconsin,50,130,40,Decaf
860,54,16,4/8/2014,885,78,East,Leaves,Tea,Darjeeling,76,141,Connecticut,60,130,27,Regular
419,46,-31,4/9/2014,422,57,Central,Beans,Espresso,Decaf Espresso,9,110,Ohio,40,130,51,Decaf
708,67,30,4/10/2014,677,101,Central,Leaves,Tea,Earl Grey,70,179,Illinois,40,130,54,Regular
585,54,17,4/11/2014,601,79,East,Leaves,Tea,Green Tea,77,142,New York,60,130,27,Regular
510,67,20,4/12/2014,677,101,West,Leaves,Tea,Green Tea,70,179,California,50,120,54,Regular
541,41,-13,4/13/2014,435,60,West,Beans,Coffee,Decaf Irish Cream,37,108,Oregon,50,120,35,Decaf
920,65,3,4/14/2014,403,80,Central,Beans,Coffee,Amaretto,33,155,Wisconsin,30,140,58,Regular
541,47,-30,4/15/2014,521,65,West,Beans,Coffee,Amaretto,-10,119,Oregon,20,130,72,Regular
435,49,-19,4/16/2014,392,65,West,Beans,Coffee,Colombian,31,121,Utah,50,130,44,Regular
509,65,4,4/17/2014,403,80,West,Beans,Espresso,Caffe Mocha,34,155,Washington,30,140,57,Regular
318,68,9,4/18/2014,619,85,South,Leaves,Herbal Tea,Lemon,39,163,Louisiana,30,140,59,Decaf
214,39,-54,4/19/2014,541,51,South,Beans,Coffee,Decaf Irish Cream,26,90,Texas,80,130,25,Decaf
936,239,-155,4/20/2014,1246,281,South,Beans,Coffee,Colombian,185,520,Texas,340,770,96,Regular
210,123,33,4/21/2014,915,179,South,Beans,Espresso,Caffe Mocha,133,302,Texas,100,190,46,Regular
225,48,-35,4/22/2014,851,70,South,Beans,Coffee,Decaf Irish Cream,45,118,Louisiana,80,160,25,Decaf
225,48,-33,4/23/2014,829,71,South,Beans,Coffee,Colombian,47,119,Louisiana,80,160,24,Regular
505,45,-57,4/24/2014,447,69,South,Beans,Coffee,Colombian,23,114,New Mexico,80,160,46,Regular
918,90,-66,4/25/2014,572,115,South,Beans,Coffee,Colombian,74,205,Oklahoma,140,290,41,Regular
505,25,-22,4/26/2014,-466,31,South,Beans,Espresso,Caffe Latte,-12,56,New Mexico,10,30,43,Regular
225,103,-23,4/27/2014,564,133,South,Leaves,Herbal Tea,Chamomile,87,236,Louisiana,110,210,46,Decaf
504,79,-26,4/28/2014,593,98,South,Leaves,Herbal Tea,Lemon,34,177,Louisiana,60,150,64,Decaf
405,96,-23,4/29/2014,683,134,South,Leaves,Herbal Tea,Lemon,17,230,Oklahoma,40,200,117,Decaf
956,225,-56,4/30/2014,1272,265,South,Beans,Coffee,Colombian,174,490,Texas,230,580,91,Regular
817,75,19,5/1/2014,-1050,114,South,Beans,Espresso,Caffe Latte,59,189,Texas,40,140,55,Regular
409,118,27,5/2/2014,930,172,South,Beans,Espresso,Caffe Mocha,127,290,Texas,100,220,45,Regular
918,78,22,5/3/2014,798,119,South,Beans,Espresso,Decaf Espresso,62,197,Oklahoma,40,150,57,Decaf
918,88,-19,5/4/2014,561,112,South,Beans,Coffee,Colombian,71,200,Oklahoma,90,230,41,Regular
918,102,29,5/5/2014,-2003,143,South,Beans,Espresso,Caffe Latte,89,245,Oklahoma,60,180,54,Regular
337,101,5,5/6/2014,552,130,South,Leaves,Herbal Tea,Chamomile,85,231,Louisiana,80,210,45,Decaf
505,15,-1,5/7/2014,848,24,South,Leaves,Herbal Tea,Chamomile,9,39,New Mexico,10,30,15,Decaf
337,82,-2,5/8/2014,601,102,South,Leaves,Herbal Tea,Lemon,38,184,Louisiana,40,170,64,Decaf
580,94,-5,5/9/2014,694,130,South,Leaves,Herbal Tea,Lemon,15,224,Oklahoma,20,200,115,Decaf
972,241,-52,5/10/2014,1321,284,South,Beans,Coffee,Colombian,188,525,Texas,240,620,96,Regular
972,123,23,5/11/2014,959,179,South,Beans,Espresso,Caffe Mocha,133,302,Texas,110,230,46,Regular
505,92,-24,5/12/2014,1898,68,South,Beans,Coffee,Decaf Irish Cream,16,160,New Mexico,40,190,52,Decaf
405,88,12,5/13/2014,817,133,South,Beans,Espresso,Decaf Espresso,72,221,Oklahoma,60,170,61,Decaf
318,49,-24,5/14/2014,845,71,South,Beans,Coffee,Colombian,46,120,Louisiana,70,140,25,Regular
505,48,-23,5/15/2014,462,74,South,Beans,Coffee,Colombian,27,122,New Mexico,50,140,47,Regular
405,81,-34,5/16/2014,551,104,South,Beans,Coffee,Colombian,66,185,Oklahoma,100,220,38,Regular
505,20,-5,5/17/2014,-598,25,South,Beans,Espresso,Caffe Latte,-15,45,New Mexico,-10,30,40,Regular
918,134,31,5/18/2014,-2248,186,South,Beans,Espresso,Caffe Latte,121,320,Oklahoma,90,240,65,Regular
225,94,7,5/19/2014,540,120,South,Leaves,Herbal Tea,Chamomile,77,214,Louisiana,70,190,43,Decaf
505,16,-1,5/20/2014,851,25,South,Leaves,Herbal Tea,Chamomile,9,41,New Mexico,10,30,16,Decaf
580,105,-10,5/21/2014,716,145,South,Leaves,Herbal Tea,Lemon,20,250,Oklahoma,30,230,125,Decaf
281,39,-41,5/22/2014,541,51,South,Beans,Coffee,Decaf Irish Cream,39,96,Texas,80,130,25,Decaf
432,239,-65,5/23/2014,1246,281,South,Beans,Coffee,Colombian,275,554,Texas,340,770,96,Regular
817,123,97,5/24/2014,915,179,South,Beans,Espresso,Caffe Mocha,197,322,Texas,100,190,46,Regular
985,48,-13,5/25/2014,851,70,South,Beans,Coffee,Decaf Irish Cream,67,126,Louisiana,80,160,25,Decaf
337,48,-10,5/26/2014,829,71,South,Beans,Coffee,Colombian,70,127,Louisiana,80,160,24,Regular
505,45,-46,5/27/2014,447,69,South,Beans,Coffee,Colombian,34,121,New Mexico,80,160,46,Regular
918,90,-30,5/28/2014,572,115,South,Beans,Coffee,Colombian,110,218,Oklahoma,140,290,41,Regular
505,25,-28,5/29/2014,-466,31,South,Beans,Espresso,Caffe Latte,-18,60,New Mexico,10,30,43,Regular
318,103,19,5/30/2014,564,133,South,Leaves,Herbal Tea,Chamomile,129,251,Louisiana,110,210,46,Decaf
225,79,-10,5/31/2014,593,98,South,Leaves,Herbal Tea,Lemon,50,189,Louisiana,60,150,64,Decaf
918,96,-15,6/1/2014,683,134,South,Leaves,Herbal Tea,Lemon,25,245,Oklahoma,40,200,117,Decaf
432,225,28,6/2/2014,1272,265,South,Beans,Coffee,Colombian,258,522,Texas,230,580,91,Regular
806,75,48,6/3/2014,-1050,114,South,Beans,Espresso,Caffe Latte,88,201,Texas,40,140,55,Regular
915,118,88,6/4/2014,930,172,South,Beans,Espresso,Caffe Mocha,188,309,Texas,100,220,45,Regular
580,78,52,6/5/2014,798,119,South,Beans,Espresso,Decaf Espresso,92,210,Oklahoma,40,150,57,Decaf
918,88,15,6/6/2014,561,112,South,Beans,Coffee,Colombian,105,213,Oklahoma,90,230,41,Regular
405,102,72,6/7/2014,-2003,143,South,Beans,Espresso,Caffe Latte,132,261,Oklahoma,60,180,54,Regular
985,101,46,6/8/2014,552,130,South,Leaves,Herbal Tea,Chamomile,126,246,Louisiana,80,210,45,Decaf
505,15,3,6/9/2014,848,24,South,Leaves,Herbal Tea,Chamomile,13,42,New Mexico,10,30,15,Decaf
337,82,16,6/10/2014,601,102,South,Leaves,Herbal Tea,Lemon,56,196,Louisiana,40,170,64,Decaf
405,94,2,6/11/2014,694,130,South,Leaves,Herbal Tea,Lemon,22,239,Oklahoma,20,200,115,Decaf
409,241,39,6/12/2014,1321,284,South,Beans,Coffee,Colombian,279,559,Texas,240,620,96,Regular
254,123,87,6/13/2014,959,179,South,Beans,Espresso,Caffe Mocha,197,322,Texas,110,230,46,Regular
505,92,-16,6/14/2014,1898,68,South,Beans,Coffee,Decaf Irish Cream,24,171,New Mexico,40,190,52,Decaf
918,88,47,6/15/2014,817,133,South,Beans,Espresso,Decaf Espresso,107,236,Oklahoma,60,170,61,Decaf
985,49,-2,6/16/2014,845,71,South,Beans,Coffee,Colombian,68,128,Louisiana,70,140,25,Regular
505,48,-10,6/17/2014,462,74,South,Beans,Coffee,Colombian,40,130,New Mexico,50,140,47,Regular
580,81,-2,6/18/2014,551,104,South,Beans,Coffee,Colombian,98,197,Oklahoma,100,220,38,Regular
505,20,-12,6/19/2014,-598,25,South,Beans,Espresso,Caffe Latte,-22,48,New Mexico,-10,30,40,Regular
918,134,90,6/20/2014,-2248,186,South,Beans,Espresso,Caffe Latte,180,341,Oklahoma,90,240,65,Regular
985,94,44,6/21/2014,540,120,South,Leaves,Herbal Tea,Chamomile,114,228,Louisiana,70,190,43,Decaf
505,16,3,6/22/2014,851,25,South,Leaves,Herbal Tea,Chamomile,13,44,New Mexico,10,30,16,Decaf
580,105,0,6/23/2014,716,145,South,Leaves,Herbal Tea,Lemon,30,266,Oklahoma,30,230,125,Decaf
860,125,-15,6/24/2014,1119,188,East,Beans,Coffee,Colombian,115,313,Connecticut,130,260,73,Regular
203,60,-39,6/25/2014,606,84,East,Beans,Espresso,Caffe Mocha,1,144,Connecticut,40,130,83,Regular
203,130,-8,6/26/2014,1134,195,East,Beans,Coffee,Colombian,122,325,Connecticut,130,290,73,Regular
203,115,-5,6/27/2014,1166,174,East,Beans,Coffee,Colombian,105,289,Connecticut,110,260,69,Regular
203,125,41,6/28/2014,1119,188,East,Beans,Coffee,Colombian,171,334,Connecticut,130,260,73,Regular
959,60,-39,6/29/2014,606,84,East,Beans,Espresso,Caffe Mocha,1,153,Connecticut,40,130,83,Regular
203,130,51,6/30/2014,1134,195,East,Beans,Coffee,Colombian,181,346,Connecticut,130,290,73,Regular
959,115,46,7/1/2014,1166,174,East,Beans,Coffee,Colombian,156,308,Connecticut,110,260,69,Regular
561,91,-14,7/2/2014,656,127,East,Beans,Coffee,Decaf Irish Cream,76,218,Florida,90,180,51,Decaf
239,86,-30,7/3/2014,547,116,East,Beans,Espresso,Decaf Espresso,60,202,Florida,90,180,56,Decaf
407,82,-26,7/4/2014,788,123,East,Beans,Coffee,Colombian,64,205,Florida,90,170,59,Regular
857,72,18,7/5/2014,-3004,402,East,Beans,Coffee,Colombian,348,474,Massachusetts,330,400,54,Regular
315,260,17,7/6/2014,2548,390,East,Beans,Coffee,Colombian,247,650,New York,230,540,143,Regular
239,96,-32,7/7/2014,683,134,East,Beans,Espresso,Caffe Mocha,18,230,Florida,50,210,116,Regular
845,125,-32,7/8/2014,3142,-56,East,Beans,Espresso,Caffe Mocha,-202,69,New York,-170,50,146,Regular
781,161,-28,7/9/2014,1267,161,East,Beans,Espresso,Regular Espresso,92,322,Massachusetts,120,300,69,Regular
718,239,-15,7/10/2014,1197,526,East,Beans,Espresso,Regular Espresso,435,765,New York,450,720,91,Regular
386,22,-10,7/11/2014,573,29,East,Leaves,Herbal Tea,Chamomile,10,51,Florida,20,20,19,Decaf
845,255,59,7/12/2014,1622,258,East,Leaves,Herbal Tea,Lemon,129,513,New York,70,290,129,Decaf
315,239,-70,7/13/2014,4360,-75,East,Leaves,Herbal Tea,Mint,-170,164,New York,-100,80,95,Decaf
516,108,-25,7/14/2014,971,157,East,Leaves,Tea,Darjeeling,115,265,New York,140,280,42,Regular
716,123,-26,7/15/2014,915,179,East,Leaves,Tea,Earl Grey,134,302,New York,160,320,45,Regular
518,76,-22,7/16/2014,580,111,East,Leaves,Tea,Green Tea,78,187,New York,100,200,33,Regular
772,102,-1,7/17/2014,666,143,East,Beans,Coffee,Decaf Irish Cream,89,245,Florida,90,220,54,Decaf
561,77,-9,7/18/2014,557,103,East,Beans,Espresso,Decaf Espresso,51,180,Florida,60,170,52,Decaf
754,78,3,7/19/2014,798,119,East,Beans,Coffee,Colombian,63,197,Florida,60,170,56,Regular
978,75,24,7/20/2014,-3287,379,East,Beans,Coffee,Colombian,324,454,Massachusetts,300,400,55,Regular
347,249,6,7/21/2014,2580,374,East,Beans,Coffee,Colombian,236,623,New York,230,560,138,Regular
754,94,-5,7/22/2014,694,130,East,Beans,Espresso,Caffe Mocha,15,224,Florida,20,210,115,Regular
347,121,-12,7/23/2014,3385,-60,East,Beans,Espresso,Caffe Mocha,-202,61,New York,-190,50,142,Regular
508,181,-12,7/24/2014,1283,182,East,Beans,Espresso,Regular Espresso,108,363,Massachusetts,120,350,74,Regular
646,211,-9,7/25/2014,933,464,East,Beans,Espresso,Regular Espresso,381,675,New York,390,660,83,Regular
561,22,1,7/26/2014,570,30,East,Leaves,Herbal Tea,Chamomile,11,52,Florida,10,30,19,Decaf
631,245,64,7/27/2014,1704,331,East,Leaves,Herbal Tea,Lemon,204,576,New York,140,420,127,Decaf
914,225,-36,7/28/2014,4742,-65,East,Leaves,Herbal Tea,Mint,-156,160,New York,-120,110,91,Decaf
518,81,-6,7/29/2014,984,117,East,Leaves,Tea,Darjeeling,84,198,New York,90,200,33,Regular
315,118,-3,7/30/2014,930,172,East,Leaves,Tea,Earl Grey,127,290,New York,130,290,45,Regular
813,134,12,7/31/2014,690,186,East,Beans,Coffee,Decaf Irish Cream,122,320,Florida,110,280,64,Decaf
407,83,-12,8/1/2014,575,112,East,Beans,Espresso,Decaf Espresso,58,195,Florida,70,190,54,Decaf
754,88,-7,8/2/2014,817,133,East,Beans,Coffee,Colombian,73,221,Florida,80,190,60,Regular
351,67,30,8/3/2014,-3534,443,East,Beans,Coffee,Colombian,390,510,Massachusetts,360,450,53,Regular
845,279,21,8/4/2014,2642,420,East,Beans,Coffee,Colombian,271,699,New York,250,620,149,Regular
305,105,-9,8/5/2014,716,145,East,Beans,Espresso,Caffe Mocha,21,250,Florida,30,240,124,Regular
212,135,-14,8/6/2014,3641,-69,East,Beans,Espresso,Caffe Mocha,-224,66,New York,-210,60,155,Regular
351,153,7,8/7/2014,1319,153,East,Beans,Espresso,Regular Espresso,87,306,Massachusetts,80,290,66,Regular
718,250,-8,8/8/2014,723,407,East,Beans,Espresso,Regular Espresso,312,657,New York,320,640,95,Regular
607,294,99,8/9/2014,1727,453,East,Leaves,Herbal Tea,Lemon,309,747,New York,210,540,144,Decaf
716,241,-39,8/10/2014,5121,-93,East,Leaves,Herbal Tea,Mint,-189,148,New York,-150,100,96,Decaf
716,86,-1,8/11/2014,1003,124,East,Leaves,Tea,Darjeeling,89,210,New York,90,210,35,Regular
718,123,-17,8/12/2014,959,179,East,Leaves,Tea,Earl Grey,133,302,New York,150,310,46,Regular
772,91,23,8/13/2014,656,127,East,Beans,Coffee,Decaf Irish Cream,113,232,Florida,90,180,51,Decaf
321,86,-1,8/14/2014,547,116,East,Beans,Espresso,Decaf Espresso,89,215,Florida,90,180,56,Decaf
954,82,5,8/15/2014,788,123,East,Beans,Coffee,Colombian,95,218,Florida,90,170,59,Regular
857,72,186,8/16/2014,-3004,402,East,Beans,Coffee,Colombian,516,505,Massachusetts,330,400,54,Regular
716,260,137,8/17/2014,2548,390,East,Beans,Coffee,Colombian,367,693,New York,230,540,143,Regular
727,96,-23,8/18/2014,683,134,East,Beans,Espresso,Caffe Mocha,27,245,Florida,50,210,116,Regular
914,125,-130,8/19/2014,3142,-56,East,Beans,Espresso,Caffe Mocha,-300,74,New York,-170,50,146,Regular
508,161,17,8/20/2014,1267,161,East,Beans,Espresso,Regular Espresso,137,343,Massachusetts,120,300,69,Regular
212,239,196,8/21/2014,1197,526,East,Beans,Espresso,Regular Espresso,646,815,New York,450,720,91,Regular
904,22,-5,8/22/2014,573,29,East,Leaves,Herbal Tea,Chamomile,15,54,Florida,20,20,19,Decaf
585,255,121,8/23/2014,1622,258,East,Leaves,Herbal Tea,Lemon,191,547,New York,70,290,129,Decaf
631,239,-152,8/24/2014,4360,-75,East,Leaves,Herbal Tea,Mint,-252,175,New York,-100,80,95,Decaf
585,108,31,8/25/2014,971,157,East,Leaves,Tea,Darjeeling,171,282,New York,140,280,42,Regular
718,123,39,8/26/2014,915,179,East,Leaves,Tea,Earl Grey,199,322,New York,160,320,45,Regular
607,76,16,8/27/2014,580,111,East,Leaves,Tea,Green Tea,116,199,New York,100,200,33,Regular
904,102,42,8/28/2014,666,143,East,Beans,Coffee,Decaf Irish Cream,132,261,Florida,90,220,54,Decaf
772,77,16,8/29/2014,557,103,East,Beans,Espresso,Decaf Espresso,76,192,Florida,60,170,52,Decaf
786,78,33,8/30/2014,798,119,East,Beans,Coffee,Colombian,93,210,Florida,60,170,56,Regular
857,75,181,8/31/2014,-3287,379,East,Beans,Coffee,Colombian,481,484,Massachusetts,300,400,55,Regular
607,249,120,9/1/2014,2580,374,East,Beans,Coffee,Colombian,350,664,New York,230,560,138,Regular
813,94,2,9/2/2014,694,130,East,Beans,Espresso,Caffe Mocha,22,239,Florida,20,210,115,Regular
914,121,-110,9/3/2014,3385,-60,East,Beans,Espresso,Caffe Mocha,-300,65,New York,-190,50,142,Regular
617,181,40,9/4/2014,1283,182,East,Beans,Espresso,Regular Espresso,160,387,Massachusetts,120,350,74,Regular
917,211,175,9/5/2014,933,464,East,Beans,Espresso,Regular Espresso,565,719,New York,390,660,83,Regular
727,22,6,9/6/2014,570,30,East,Leaves,Herbal Tea,Chamomile,16,55,Florida,10,30,19,Decaf
585,245,163,9/7/2014,1704,331,East,Leaves,Herbal Tea,Lemon,303,614,New York,140,420,127,Decaf
518,225,-112,9/8/2014,4742,-65,East,Leaves,Herbal Tea,Mint,-232,171,New York,-120,110,91,Decaf
516,81,35,9/9/2014,984,117,East,Leaves,Tea,Darjeeling,125,211,New York,90,200,33,Regular
914,118,58,9/10/2014,930,172,East,Leaves,Tea,Earl Grey,188,309,New York,130,290,45,Regular
727,134,71,9/11/2014,690,186,East,Beans,Coffee,Decaf Irish Cream,181,341,Florida,110,280,64,Decaf
386,83,16,9/12/2014,575,112,East,Beans,Espresso,Decaf Espresso,86,208,Florida,70,190,54,Decaf
407,88,28,9/13/2014,817,133,East,Beans,Coffee,Colombian,108,236,Florida,80,190,60,Regular
351,67,219,9/14/2014,-3534,443,East,Beans,Coffee,Colombian,579,543,Massachusetts,360,450,53,Regular
315,279,152,9/15/2014,2642,420,East,Beans,Coffee,Colombian,402,745,New York,250,620,149,Regular
305,105,1,9/16/2014,716,145,East,Beans,Espresso,Caffe Mocha,31,266,Florida,30,240,124,Regular
845,135,-122,9/17/2014,3641,-69,East,Beans,Espresso,Caffe Mocha,-332,70,New York,-210,60,155,Regular
857,153,49,9/18/2014,1319,153,East,Beans,Espresso,Regular Espresso,129,326,Massachusetts,80,290,66,Regular
518,250,143,9/19/2014,723,407,East,Beans,Espresso,Regular Espresso,463,700,New York,320,640,95,Regular
631,294,249,9/20/2014,1727,453,East,Leaves,Herbal Tea,Lemon,459,796,New York,210,540,144,Decaf
716,241,-130,9/21/2014,5121,-93,East,Leaves,Herbal Tea,Mint,-280,158,New York,-150,100,96,Decaf
718,86,42,9/22/2014,1003,124,East,Leaves,Tea,Darjeeling,132,224,New York,90,210,35,Regular
518,123,47,9/23/2014,959,179,East,Leaves,Tea,Earl Grey,197,322,New York,150,310,46,Regular
719,108,-34,9/24/2014,971,157,Central,Beans,Coffee,Decaf Irish Cream,116,265,Colorado,150,260,41,Decaf
815,122,-45,9/25/2014,789,176,Central,Beans,Coffee,Decaf Irish Cream,115,298,Illinois,160,300,61,Decaf
303,72,-74,9/26/2014,650,110,Central,Beans,Espresso,Decaf Espresso,56,182,Colorado,130,260,54,Decaf
312,239,-151,9/27/2014,1755,239,Central,Beans,Espresso,Decaf Espresso,149,478,Illinois,300,710,90,Decaf
614,54,-58,9/28/2014,404,66,Central,Beans,Espresso,Decaf Espresso,12,120,Ohio,70,170,54,Decaf
970,123,-27,9/29/2014,915,179,Central,Beans,Coffee,Amaretto,133,302,Colorado,160,300,46,Regular
815,154,-40,9/30/2014,1132,213,Central,Beans,Coffee,Colombian,120,367,Illinois,160,370,93,Regular
303,76,-91,10/1/2014,580,111,Central,Beans,Espresso,Caffe Mocha,79,187,Colorado,170,280,32,Regular
815,257,-196,10/2/2014,1662,341,Central,Beans,Espresso,Caffe Mocha,224,598,Illinois,420,890,117,Regular
567,161,-98,10/3/2014,1267,161,Central,Beans,Espresso,Caffe Mocha,92,322,Ohio,190,470,69,Regular
719,161,-18,10/4/2014,1267,161,Central,Leaves,Herbal Tea,Chamomile,92,322,Colorado,110,260,69,Decaf
708,123,-7,10/5/2014,915,179,Central,Leaves,Herbal Tea,Chamomile,133,302,Illinois,140,240,46,Decaf
815,108,-4,10/6/2014,971,157,Central,Leaves,Herbal Tea,Mint,116,265,Illinois,120,210,41,Decaf
234,82,5,10/7/2014,788,123,Central,Leaves,Tea,Darjeeling,65,205,Ohio,60,140,58,Regular
614,91,-4,10/8/2014,656,127,Central,Leaves,Tea,Earl Grey,76,218,Ohio,80,150,51,Regular
720,90,-6,10/9/2014,572,115,Central,Leaves,Tea,Green Tea,74,205,Colorado,80,140,41,Regular
641,10,-12,10/10/2014,598,13,Central,Beans,Coffee,Decaf Irish Cream,-2,23,Iowa,10,10,15,Decaf
715,86,-39,10/11/2014,547,116,Central,Beans,Coffee,Decaf Irish Cream,61,202,Wisconsin,100,200,55,Decaf
816,79,-35,10/12/2014,593,98,Central,Beans,Coffee,Colombian,35,177,Missouri,70,170,63,Regular
715,96,-42,10/13/2014,683,134,Central,Beans,Coffee,Colombian,18,230,Wisconsin,60,230,116,Regular
314,40,-54,10/14/2014,881,59,Central,Beans,Espresso,Caffe Mocha,36,99,Missouri,90,140,23,Regular
608,80,-72,10/15/2014,1055,94,Central,Beans,Espresso,Caffe Mocha,48,174,Wisconsin,120,250,46,Regular
712,257,14,10/16/2014,1662,341,Central,Leaves,Herbal Tea,Chamomile,224,598,Iowa,210,480,117,Decaf
641,122,-16,10/17/2014,789,176,Central,Leaves,Herbal Tea,Lemon,114,298,Iowa,130,240,62,Decaf
573,86,-36,10/18/2014,1698,23,Central,Leaves,Herbal Tea,Lemon,-26,109,Missouri,10,80,49,Decaf
563,239,39,10/19/2014,1755,239,Central,Leaves,Tea,Darjeeling,149,478,Iowa,110,340,90,Regular
563,255,53,10/20/2014,1756,312,Central,Leaves,Tea,Earl Grey,183,567,Iowa,130,400,129,Regular
417,25,-11,10/21/2014,209,31,Central,Leaves,Tea,Earl Grey,-11,56,Missouri,0,30,42,Regular
970,81,4,10/22/2014,984,117,Central,Beans,Coffee,Decaf Irish Cream,84,198,Colorado,80,190,33,Decaf
815,113,-4,10/23/2014,803,165,Central,Beans,Coffee,Decaf Irish Cream,106,278,Illinois,110,270,59,Decaf
303,75,-42,10/24/2014,659,114,Central,Beans,Espresso,Decaf Espresso,58,189,Colorado,100,240,56,Decaf
847,211,-71,10/25/2014,1778,212,Central,Beans,Espresso,Decaf Espresso,129,423,Illinois,200,540,83,Decaf
970,118,-2,10/26/2014,930,172,Central,Beans,Coffee,Amaretto,128,290,Colorado,130,280,44,Regular
815,173,-1,10/27/2014,1150,239,Central,Beans,Coffee,Colombian,139,412,Illinois,140,400,100,Regular
303,50,-22,10/28/2014,589,73,Central,Beans,Espresso,Caffe Mocha,48,123,Colorado,70,150,25,Regular
224,228,-94,10/29/2014,1691,304,Central,Beans,Espresso,Caffe Mocha,196,532,Illinois,290,680,108,Regular
440,181,-63,10/30/2014,1283,182,Central,Beans,Espresso,Caffe Mocha,107,363,Ohio,170,460,75,Regular
970,181,7,10/31/2014,1283,182,Central,Leaves,Herbal Tea,Chamomile,107,363,Colorado,100,330,75,Decaf
312,118,17,11/1/2014,930,172,Central,Leaves,Herbal Tea,Chamomile,127,290,Illinois,110,260,45,Decaf
630,81,4,11/2/2014,984,117,Central,Leaves,Herbal Tea,Mint,84,198,Illinois,80,180,33,Decaf
330,78,2,11/3/2014,798,119,Central,Leaves,Tea,Darjeeling,62,197,Ohio,60,160,57,Regular
630,75,9,11/4/2014,659,114,Central,Leaves,Tea,Earl Grey,59,189,Illinois,50,150,55,Regular
419,102,19,11/5/2014,666,143,Central,Leaves,Tea,Earl Grey,89,245,Ohio,70,200,54,Regular
719,88,10,11/6/2014,561,112,Central,Leaves,Tea,Green Tea,70,200,Colorado,60,160,42,Regular
641,10,-13,11/7/2014,596,13,Central,Beans,Coffee,Decaf Irish Cream,-3,23,Iowa,10,20,16,Decaf
262,77,-9,11/8/2014,557,103,Central,Beans,Coffee,Decaf Irish Cream,51,180,Wisconsin,60,170,52,Decaf
563,15,-2,11/9/2014,848,24,Central,Beans,Coffee,Amaretto,8,39,Iowa,10,30,16,Regular
573,82,-2,11/10/2014,601,102,Central,Beans,Coffee,Colombian,38,184,Missouri,40,180,64,Regular
262,94,-14,11/11/2014,694,130,Central,Beans,Coffee,Colombian,16,224,Wisconsin,30,220,114,Regular
314,54,-29,11/12/2014,885,78,Central,Beans,Espresso,Caffe Mocha,51,132,Missouri,80,160,27,Regular
920,75,-25,11/13/2014,1063,89,Central,Beans,Espresso,Caffe Mocha,45,164,Wisconsin,70,200,44,Regular
712,228,16,11/14/2014,1691,304,Central,Leaves,Herbal Tea,Chamomile,196,532,Iowa,180,490,108,Decaf
712,113,7,11/15/2014,803,165,Central,Leaves,Herbal Tea,Lemon,107,278,Iowa,100,250,58,Decaf
712,211,19,11/16/2014,1778,212,Central,Leaves,Tea,Darjeeling,129,423,Iowa,110,350,83,Regular
319,245,43,11/17/2014,1784,300,Central,Leaves,Tea,Earl Grey,173,545,Iowa,130,450,127,Regular
720,86,-2,11/18/2014,1003,124,Central,Beans,Coffee,Decaf Irish Cream,88,210,Colorado,90,200,36,Decaf
630,127,-8,11/19/2014,830,185,Central,Beans,Coffee,Decaf Irish Cream,122,312,Illinois,130,300,63,Decaf
970,67,-33,11/20/2014,677,101,Central,Beans,Espresso,Decaf Espresso,47,168,Colorado,80,210,54,Decaf
630,250,-83,11/21/2014,1820,251,Central,Beans,Espresso,Decaf Espresso,157,501,Illinois,240,640,94,Decaf
719,123,4,11/22/2014,959,179,Central,Beans,Coffee,Amaretto,134,302,Colorado,130,290,45,Regular
847,224,4,11/23/2014,1191,310,Central,Beans,Coffee,Colombian,194,534,Illinois,190,520,116,Regular
970,54,-37,11/24/2014,601,79,Central,Beans,Espresso,Caffe Mocha,53,133,Colorado,90,170,26,Regular
815,247,-104,11/25/2014,1744,329,Central,Beans,Espresso,Caffe Mocha,216,576,Illinois,320,730,113,Regular
740,153,-53,11/26/2014,1319,153,Central,Beans,Espresso,Caffe Mocha,87,306,Ohio,140,390,66,Regular
303,153,7,11/27/2014,1319,153,Central,Leaves,Herbal Tea,Chamomile,87,306,Colorado,80,280,66,Decaf
309,123,3,11/28/2014,959,179,Central,Leaves,Herbal Tea,Chamomile,133,302,Illinois,130,280,46,Decaf
630,86,8,11/29/2014,1003,124,Central,Leaves,Herbal Tea,Mint,88,210,Illinois,80,190,36,Decaf
513,88,2,11/30/2014,817,133,Central,Leaves,Tea,Darjeeling,72,221,Ohio,70,180,61,Regular
740,134,31,12/1/2014,690,186,Central,Leaves,Tea,Earl Grey,121,320,Ohio,90,260,65,Regular
719,81,6,12/2/2014,551,104,Central,Leaves,Tea,Green Tea,66,185,Colorado,60,150,38,Regular
319,10,-11,12/3/2014,594,14,Central,Beans,Coffee,Decaf Irish Cream,-1,24,Iowa,10,20,15,Decaf
715,83,-13,12/4/2014,575,112,Central,Beans,Coffee,Decaf Irish Cream,57,195,Wisconsin,70,190,55,Decaf
573,68,-14,12/5/2014,619,85,Central,Beans,Coffee,Colombian,26,153,Missouri,40,150,59,Regular
715,105,-10,12/6/2014,716,145,Central,Beans,Coffee,Colombian,20,250,Wisconsin,30,240,125,Regular
314,50,-22,12/7/2014,898,73,Central,Beans,Espresso,Caffe Mocha,48,123,Missouri,70,150,25,Regular
715,80,-30,12/8/2014,1079,96,Central,Beans,Espresso,Caffe Mocha,50,176,Wisconsin,80,220,46,Regular
641,247,16,12/9/2014,1744,329,Central,Leaves,Herbal Tea,Chamomile,216,576,Iowa,200,530,113,Decaf
319,127,3,12/10/2014,830,185,Central,Leaves,Herbal Tea,Lemon,123,312,Iowa,120,290,62,Decaf
641,250,36,12/11/2014,1820,251,Central,Leaves,Tea,Darjeeling,156,501,Iowa,120,410,95,Regular
641,294,46,12/12/2014,1838,360,Central,Leaves,Tea,Earl Grey,216,654,Iowa,170,540,144,Regular
573,20,-6,12/13/2014,218,25,Central,Leaves,Tea,Earl Grey,-16,45,Missouri,-10,30,41,Regular
719,108,22,12/14/2014,971,157,Central,Beans,Coffee,Decaf Irish Cream,172,282,Colorado,150,260,41,Decaf
815,122,11,12/15/2014,789,176,Central,Beans,Coffee,Decaf Irish Cream,171,318,Illinois,160,300,61,Decaf
970,72,-47,12/16/2014,650,110,Central,Beans,Espresso,Decaf Espresso,83,194,Colorado,130,260,54,Decaf
773,239,-79,12/17/2014,1755,239,Central,Beans,Espresso,Decaf Espresso,221,509,Illinois,300,710,90,Decaf
419,54,-52,12/18/2014,404,66,Central,Beans,Espresso,Decaf Espresso,18,128,Ohio,70,170,54,Decaf
719,123,37,12/19/2014,915,179,Central,Beans,Coffee,Amaretto,197,322,Colorado,160,300,46,Regular
815,154,18,12/20/2014,1132,213,Central,Beans,Coffee,Colombian,178,391,Illinois,160,370,93,Regular
970,76,-53,12/21/2014,580,111,Central,Beans,Espresso,Caffe Mocha,117,199,Colorado,170,280,32,Regular
312,257,-88,12/22/2014,1662,341,Central,Beans,Espresso,Caffe Mocha,332,637,Illinois,420,890,117,Regular
513,161,-53,12/23/2014,1267,161,Central,Beans,Espresso,Caffe Mocha,137,343,Ohio,190,470,69,Regular
720,161,27,12/24/2014,1267,161,Central,Leaves,Herbal Tea,Chamomile,137,343,Colorado,110,260,69,Decaf
708,123,57,12/25/2014,915,179,Central,Leaves,Herbal Tea,Chamomile,197,322,Illinois,140,240,46,Decaf
815,108,52,12/26/2014,971,157,Central,Leaves,Herbal Tea,Mint,172,282,Illinois,120,210,41,Decaf
419,82,36,12/27/2014,788,123,Central,Leaves,Tea,Darjeeling,96,218,Ohio,60,140,58,Regular
419,91,33,12/28/2014,656,127,Central,Leaves,Tea,Earl Grey,113,232,Ohio,80,150,51,Regular
970,90,30,12/29/2014,572,115,Central,Leaves,Tea,Green Tea,110,218,Colorado,80,140,41,Regular
641,10,-13,12/30/2014,598,13,Central,Beans,Coffee,Decaf Irish Cream,-3,25,Iowa,10,10,15,Decaf
920,86,-9,12/31/2014,547,116,Central,Beans,Coffee,Decaf Irish Cream,91,215,Wisconsin,100,200,55,Decaf
573,79,-18,1/1/2015,593,98,Central,Beans,Coffee,Colombian,52,189,Missouri,70,170,63,Regular
414,96,-33,1/2/2015,683,134,Central,Beans,Coffee,Colombian,27,245,Wisconsin,60,230,116,Regular
573,40,-37,1/3/2015,881,59,Central,Beans,Espresso,Caffe Mocha,53,106,Missouri,90,140,23,Regular
262,80,-49,1/4/2015,1055,94,Central,Beans,Espresso,Caffe Mocha,71,185,Wisconsin,120,250,46,Regular
319,257,122,1/5/2015,1662,341,Central,Leaves,Herbal Tea,Chamomile,332,637,Iowa,210,480,117,Decaf
515,122,39,1/6/2015,789,176,Central,Leaves,Herbal Tea,Lemon,169,318,Iowa,130,240,62,Decaf
417,86,-49,1/7/2015,1698,23,Central,Leaves,Herbal Tea,Lemon,-39,116,Missouri,10,80,49,Decaf
515,239,111,1/8/2015,1755,239,Central,Leaves,Tea,Darjeeling,221,509,Iowa,110,340,90,Regular
515,255,142,1/9/2015,1756,312,Central,Leaves,Tea,Earl Grey,272,604,Iowa,130,400,129,Regular
573,25,-16,1/10/2015,209,31,Central,Leaves,Tea,Earl Grey,-16,60,Missouri,0,30,42,Regular
720,81,45,1/11/2015,984,117,Central,Beans,Coffee,Decaf Irish Cream,125,211,Colorado,80,190,33,Decaf
847,113,47,1/12/2015,803,165,Central,Beans,Coffee,Decaf Irish Cream,157,296,Illinois,110,270,59,Decaf
970,75,-14,1/13/2015,659,114,Central,Beans,Espresso,Decaf Espresso,86,201,Colorado,100,240,56,Decaf
847,211,-9,1/14/2015,1778,212,Central,Beans,Espresso,Decaf Espresso,191,451,Illinois,200,540,83,Decaf
719,118,60,1/15/2015,930,172,Central,Beans,Coffee,Amaretto,190,309,Colorado,130,280,44,Regular
815,173,66,1/16/2015,1150,239,Central,Beans,Coffee,Colombian,206,439,Illinois,140,400,100,Regular
303,50,1,1/17/2015,589,73,Central,Beans,Espresso,Caffe Mocha,71,131,Colorado,70,150,25,Regular
630,228,1,1/18/2015,1691,304,Central,Beans,Espresso,Caffe Mocha,291,567,Illinois,290,680,108,Regular
234,181,-11,1/19/2015,1283,182,Central,Beans,Espresso,Caffe Mocha,159,387,Ohio,170,460,75,Regular
970,181,59,1/20/2015,1283,182,Central,Leaves,Herbal Tea,Chamomile,159,387,Colorado,100,330,75,Decaf
708,118,78,1/21/2015,930,172,Central,Leaves,Herbal Tea,Chamomile,188,309,Illinois,110,260,45,Decaf
708,81,45,1/22/2015,984,117,Central,Leaves,Herbal Tea,Mint,125,211,Illinois,80,180,33,Decaf
614,78,32,1/23/2015,798,119,Central,Leaves,Tea,Darjeeling,92,210,Ohio,60,160,57,Regular
309,75,38,1/24/2015,659,114,Central,Leaves,Tea,Earl Grey,88,201,Illinois,50,150,55,Regular
740,102,62,1/25/2015,666,143,Central,Leaves,Tea,Earl Grey,132,261,Ohio,70,200,54,Regular
970,88,44,1/26/2015,561,112,Central,Leaves,Tea,Green Tea,104,213,Colorado,60,160,42,Regular
319,10,-14,1/27/2015,596,13,Central,Beans,Coffee,Decaf Irish Cream,-4,25,Iowa,10,20,16,Decaf
920,77,16,1/28/2015,557,103,Central,Beans,Coffee,Decaf Irish Cream,76,192,Wisconsin,60,170,52,Decaf
712,15,2,1/29/2015,848,24,Central,Beans,Coffee,Amaretto,12,42,Iowa,10,30,16,Regular
573,82,16,1/30/2015,601,102,Central,Beans,Coffee,Colombian,56,196,Missouri,40,180,64,Regular
608,94,-6,1/31/2015,694,130,Central,Beans,Coffee,Colombian,24,239,Wisconsin,30,220,114,Regular
573,54,-4,2/1/2015,885,78,Central,Beans,Espresso,Caffe Mocha,76,141,Missouri,80,160,27,Regular
715,75,-3,2/2/2015,1063,89,Central,Beans,Espresso,Caffe Mocha,67,175,Wisconsin,70,200,44,Regular
641,228,111,2/3/2015,1691,304,Central,Leaves,Herbal Tea,Chamomile,291,567,Iowa,180,490,108,Decaf
641,113,59,2/4/2015,803,165,Central,Leaves,Herbal Tea,Lemon,159,296,Iowa,100,250,58,Decaf
563,211,81,2/5/2015,1778,212,Central,Leaves,Tea,Darjeeling,191,451,Iowa,110,350,83,Regular
641,245,127,2/6/2015,1784,300,Central,Leaves,Tea,Earl Grey,257,581,Iowa,130,450,127,Regular
720,86,41,2/7/2015,1003,124,Central,Beans,Coffee,Decaf Irish Cream,131,224,Colorado,90,200,36,Decaf
312,127,51,2/8/2015,830,185,Central,Beans,Coffee,Decaf Irish Cream,181,332,Illinois,130,300,63,Decaf
720,67,-10,2/9/2015,677,101,Central,Beans,Espresso,Decaf Espresso,70,179,Colorado,80,210,54,Decaf
773,250,-7,2/10/2015,1820,251,Central,Beans,Espresso,Decaf Espresso,233,534,Illinois,240,640,94,Decaf
303,123,69,2/11/2015,959,179,Central,Beans,Coffee,Amaretto,199,322,Colorado,130,290,45,Regular
312,224,98,2/12/2015,1191,310,Central,Beans,Coffee,Colombian,288,569,Illinois,190,520,116,Regular
970,54,-11,2/13/2015,601,79,Central,Beans,Espresso,Caffe Mocha,79,142,Colorado,90,170,26,Regular
708,247,1,2/14/2015,1744,329,Central,Beans,Espresso,Caffe Mocha,321,614,Illinois,320,730,113,Regular
937,153,-11,2/15/2015,1319,153,Central,Beans,Espresso,Caffe Mocha,129,326,Ohio,140,390,66,Regular
970,153,49,2/16/2015,1319,153,Central,Leaves,Herbal Tea,Chamomile,129,326,Colorado,80,280,66,Decaf
618,123,67,2/17/2015,959,179,Central,Leaves,Herbal Tea,Chamomile,197,322,Illinois,130,280,46,Decaf
312,86,51,2/18/2015,1003,124,Central,Leaves,Herbal Tea,Mint,131,224,Illinois,80,190,36,Decaf
513,88,37,2/19/2015,817,133,Central,Leaves,Tea,Darjeeling,107,236,Ohio,70,180,61,Regular
513,134,90,2/20/2015,690,186,Central,Leaves,Tea,Earl Grey,180,341,Ohio,90,260,65,Regular
719,81,38,2/21/2015,551,104,Central,Leaves,Tea,Green Tea,98,197,Colorado,60,150,38,Regular
712,10,-11,2/22/2015,594,14,Central,Beans,Coffee,Decaf Irish Cream,-1,26,Iowa,10,20,15,Decaf
414,83,15,2/23/2015,575,112,Central,Beans,Coffee,Decaf Irish Cream,85,208,Wisconsin,70,190,55,Decaf
573,68,-1,2/24/2015,619,85,Central,Beans,Coffee,Colombian,39,163,Missouri,40,150,59,Regular
262,105,0,2/25/2015,716,145,Central,Beans,Coffee,Colombian,30,266,Wisconsin,30,240,125,Regular
573,50,1,2/26/2015,898,73,Central,Beans,Espresso,Caffe Mocha,71,131,Missouri,70,150,25,Regular
262,80,-6,2/27/2015,1079,96,Central,Beans,Espresso,Caffe Mocha,74,188,Wisconsin,80,220,46,Regular
515,247,121,2/28/2015,1744,329,Central,Leaves,Herbal Tea,Chamomile,321,614,Iowa,200,530,113,Decaf
515,127,63,3/1/2015,830,185,Central,Leaves,Herbal Tea,Lemon,183,332,Iowa,120,290,62,Decaf
641,250,112,3/2/2015,1820,251,Central,Leaves,Tea,Darjeeling,232,534,Iowa,120,410,95,Regular
563,294,151,3/3/2015,1838,360,Central,Leaves,Tea,Earl Grey,321,697,Iowa,170,540,144,Regular
816,20,-14,3/4/2015,218,25,Central,Leaves,Tea,Earl Grey,-24,48,Missouri,-10,30,41,Regular
951,154,-17,3/5/2015,3654,-24,West,Beans,Coffee,Decaf Irish Cream,-117,130,California,-100,190,93,Decaf
714,257,-15,3/6/2015,1662,341,West,Beans,Espresso,Decaf Espresso,225,598,California,240,550,116,Decaf
818,122,-14,3/7/2015,2555,-13,West,Beans,Coffee,Amaretto,-74,109,California,-60,150,61,Regular
626,260,-223,3/8/2015,2548,390,West,Beans,Coffee,Colombian,247,650,California,470,960,143,Regular
562,239,-11,3/9/2015,1755,239,West,Beans,Espresso,Caffe Latte,149,478,California,160,430,90,Regular
562,125,-23,3/10/2015,898,173,West,Beans,Espresso,Caffe Mocha,27,298,California,50,270,146,Regular
661,108,-5,3/11/2015,971,157,West,Leaves,Herbal Tea,Chamomile,115,265,California,120,210,42,Decaf
562,239,16,3/12/2015,1246,281,West,Leaves,Herbal Tea,Lemon,186,520,California,170,410,95,Decaf
562,123,54,3/13/2015,915,179,West,Leaves,Tea,Darjeeling,134,302,California,80,140,45,Regular
971,43,-51,3/14/2015,419,64,West,Beans,Coffee,Decaf Irish Cream,29,107,Oregon,80,150,35,Decaf
435,79,-86,3/15/2015,593,98,West,Beans,Coffee,Decaf Irish Cream,34,177,Utah,120,260,64,Decaf
425,96,-83,3/16/2015,683,134,West,Beans,Coffee,Decaf Irish Cream,17,230,Washington,100,330,117,Decaf
503,161,-19,3/17/2015,1267,161,West,Beans,Espresso,Decaf Espresso,91,322,Oregon,110,290,70,Decaf
253,80,-32,3/18/2015,1055,94,West,Beans,Espresso,Decaf Espresso,48,174,Washington,80,150,46,Decaf
971,51,-55,3/19/2015,503,71,West,Beans,Coffee,Amaretto,-5,122,Oregon,50,170,76,Regular
435,65,-54,3/20/2015,1053,77,West,Beans,Coffee,Amaretto,36,142,Utah,90,200,41,Regular
971,60,-69,3/21/2015,463,84,West,Beans,Coffee,Colombian,21,144,Oregon,90,210,63,Regular
435,47,-58,3/22/2015,375,64,West,Beans,Coffee,Colombian,22,111,Utah,80,150,42,Regular
206,68,-54,3/23/2015,438,99,West,Beans,Coffee,Colombian,56,167,Washington,110,230,43,Regular
206,22,-10,3/24/2015,573,29,West,Beans,Espresso,Caffe Latte,10,51,Washington,20,30,19,Regular
702,21,-6,3/25/2015,846,31,West,Beans,Espresso,Caffe Mocha,14,52,Nevada,20,30,17,Regular
801,103,-23,3/26/2015,564,133,West,Beans,Espresso,Caffe Mocha,87,236,Utah,110,210,46,Regular
775,125,-34,3/27/2015,898,173,West,Leaves,Herbal Tea,Chamomile,26,298,Nevada,60,240,147,Decaf
206,125,-15,3/28/2015,1119,188,West,Leaves,Herbal Tea,Chamomile,115,313,Washington,130,250,73,Decaf
702,154,0,3/29/2015,1132,213,West,Leaves,Herbal Tea,Lemon,120,367,Nevada,120,290,93,Decaf
971,90,-17,3/30/2015,572,115,West,Leaves,Herbal Tea,Lemon,73,205,Oregon,90,160,42,Decaf
702,122,-16,3/31/2015,789,176,West,Leaves,Herbal Tea,Mint,114,298,Nevada,130,240,62,Decaf
435,86,-27,4/1/2015,1698,23,West,Leaves,Herbal Tea,Mint,-27,109,Utah,0,80,50,Decaf
702,257,94,4/2/2015,1662,341,West,Leaves,Tea,Darjeeling,224,598,Nevada,130,290,117,Regular
541,21,-4,4/3/2015,480,32,West,Leaves,Tea,Darjeeling,16,53,Oregon,20,20,16,Regular
775,239,69,4/4/2015,1755,239,West,Leaves,Tea,Earl Grey,149,478,Nevada,80,230,90,Regular
702,255,-193,4/5/2015,7058,-255,West,Leaves,Tea,Green Tea,-363,21,Nevada,-170,0,129,Regular
435,25,-22,4/6/2015,209,31,West,Leaves,Tea,Green Tea,-12,56,Utah,10,20,43,Regular
909,173,3,4/7/2015,3909,-27,West,Beans,Coffee,Decaf Irish Cream,-127,146,California,-130,170,100,Decaf
707,228,7,4/8/2015,1691,304,West,Beans,Espresso,Decaf Espresso,197,532,California,190,510,107,Decaf
619,113,-6,4/9/2015,2758,3,West,Beans,Coffee,Amaretto,-56,116,California,-50,130,59,Regular
951,249,-75,4/10/2015,2580,374,West,Beans,Coffee,Colombian,235,623,California,310,740,139,Regular
559,211,-11,4/11/2015,1778,212,West,Beans,Espresso,Caffe Latte,129,423,California,140,410,83,Regular
818,121,-14,4/12/2015,912,168,West,Beans,Espresso,Caffe Mocha,26,289,California,40,280,142,Regular
213,81,4,4/13/2015,984,117,West,Leaves,Herbal Tea,Chamomile,84,198,California,80,180,33,Decaf
213,225,14,4/14/2015,1272,265,West,Leaves,Herbal Tea,Lemon,174,490,California,160,450,91,Decaf
213,118,18,4/15/2015,930,172,West,Leaves,Tea,Darjeeling,128,290,California,110,210,44,Regular
801,82,-22,4/16/2015,601,102,West,Beans,Coffee,Decaf Irish Cream,38,184,Utah,60,210,64,Decaf
253,94,-24,4/17/2015,694,130,West,Beans,Coffee,Decaf Irish Cream,16,224,Washington,40,260,114,Decaf
503,181,-12,4/18/2015,1283,182,West,Beans,Espresso,Decaf Espresso,108,363,Oregon,120,350,74,Decaf
801,69,-11,4/19/2015,1060,81,West,Beans,Coffee,Amaretto,39,150,Utah,50,170,42,Regular
971,53,-26,4/20/2015,470,75,West,Beans,Coffee,Colombian,14,128,Oregon,40,150,61,Regular
425,63,-20,4/21/2015,446,93,West,Beans,Coffee,Colombian,50,156,Washington,70,180,43,Regular
775,15,-1,4/22/2015,848,24,West,Beans,Espresso,Caffe Mocha,9,39,Nevada,10,30,15,Regular
435,101,-5,4/23/2015,552,130,West,Beans,Espresso,Caffe Mocha,85,231,Utah,90,220,45,Regular
775,121,6,4/24/2015,912,168,West,Leaves,Herbal Tea,Chamomile,26,289,Nevada,20,260,142,Decaf
206,130,2,4/25/2015,1134,195,West,Leaves,Herbal Tea,Chamomile,122,325,Washington,120,300,73,Decaf
702,173,8,4/26/2015,1150,239,West,Leaves,Herbal Tea,Lemon,138,412,Nevada,130,380,101,Decaf
971,88,0,4/27/2015,561,112,West,Leaves,Herbal Tea,Lemon,70,200,Oregon,70,180,42,Decaf
702,113,7,4/28/2015,803,165,West,Leaves,Herbal Tea,Mint,107,278,Nevada,100,250,58,Decaf
702,228,56,4/29/2015,1691,304,West,Leaves,Tea,Darjeeling,196,532,Nevada,140,380,108,Regular
702,211,48,4/30/2015,1778,212,West,Leaves,Tea,Earl Grey,128,423,Nevada,80,300,84,Regular
971,78,12,5/1/2015,798,119,West,Leaves,Tea,Earl Grey,62,197,Oregon,50,140,57,Regular
702,245,-60,5/2/2015,7653,-245,West,Leaves,Tea,Green Tea,-340,32,Nevada,-280,0,127,Regular
971,102,19,5/3/2015,666,143,West,Leaves,Tea,Green Tea,89,245,Oregon,70,170,54,Regular
714,224,1,5/4/2015,4216,-32,West,Beans,Coffee,Decaf Irish Cream,-149,192,California,-150,220,117,Decaf
209,247,6,5/5/2015,1744,329,West,Beans,Espresso,Decaf Espresso,216,576,California,210,550,113,Decaf
951,127,2,5/6/2015,2947,-25,West,Beans,Coffee,Amaretto,-88,102,California,-90,120,63,Regular
707,279,-79,5/7/2015,2642,420,West,Beans,Coffee,Colombian,271,699,California,350,830,149,Regular
916,250,-3,5/8/2015,1820,251,West,Beans,Espresso,Caffe Latte,157,501,California,160,480,94,Regular
530,135,-9,5/9/2015,940,187,West,Beans,Espresso,Caffe Mocha,31,322,California,40,310,156,Regular
626,86,9,5/10/2015,1003,124,West,Leaves,Herbal Tea,Chamomile,89,210,California,80,190,35,Decaf
415,241,18,5/11/2015,1321,284,West,Leaves,Herbal Tea,Lemon,188,525,California,170,480,96,Decaf
916,123,24,5/12/2015,959,179,West,Leaves,Tea,Darjeeling,134,302,California,110,220,45,Regular
435,68,-24,5/13/2015,619,85,West,Beans,Coffee,Decaf Irish Cream,26,153,Utah,50,180,59,Decaf
509,105,-30,5/14/2015,716,145,West,Beans,Coffee,Decaf Irish Cream,20,250,Washington,50,290,125,Decaf
971,153,7,5/15/2015,1319,153,West,Beans,Espresso,Decaf Espresso,87,306,Oregon,80,290,66,Decaf
253,80,-9,5/16/2015,1079,96,West,Beans,Espresso,Decaf Espresso,51,176,Washington,60,170,45,Decaf
435,63,-14,5/17/2015,1075,76,West,Beans,Coffee,Amaretto,36,139,Utah,50,160,40,Regular
253,72,-22,5/18/2015,461,104,West,Beans,Coffee,Colombian,58,176,Washington,80,200,46,Regular
775,16,0,5/19/2015,851,25,West,Beans,Espresso,Caffe Mocha,10,41,Nevada,10,30,15,Regular
435,94,7,5/20/2015,540,120,West,Beans,Espresso,Caffe Mocha,77,214,Utah,70,200,43,Regular
702,135,2,5/21/2015,940,187,West,Leaves,Herbal Tea,Chamomile,32,322,Nevada,30,290,155,Decaf
509,115,-5,5/22/2015,1166,174,West,Leaves,Herbal Tea,Chamomile,105,289,Washington,110,260,69,Decaf
775,224,24,5/23/2015,1191,310,West,Leaves,Herbal Tea,Lemon,194,534,Nevada,170,490,116,Decaf
541,81,-4,5/24/2015,551,104,West,Leaves,Herbal Tea,Lemon,66,185,Oregon,70,170,38,Decaf
775,127,2,5/25/2015,830,185,West,Leaves,Herbal Tea,Mint,122,312,Nevada,120,290,63,Decaf
702,247,65,5/26/2015,1744,329,West,Leaves,Tea,Darjeeling,215,576,Nevada,150,420,114,Regular
702,250,57,5/27/2015,1820,251,West,Leaves,Tea,Earl Grey,157,501,Nevada,100,360,94,Regular
971,88,13,5/28/2015,817,133,West,Leaves,Tea,Earl Grey,73,221,Oregon,60,160,60,Regular
775,294,-88,5/29/2015,8252,-294,West,Leaves,Tea,Green Tea,-408,31,Nevada,-320,0,145,Regular
503,134,21,5/30/2015,690,186,West,Leaves,Tea,Green Tea,121,320,Oregon,100,230,65,Regular
435,20,-15,5/31/2015,218,25,West,Leaves,Tea,Green Tea,-15,45,Utah,0,30,40,Regular
650,154,-74,6/1/2015,3654,-24,West,Beans,Coffee,Decaf Irish Cream,-174,139,California,-100,190,93,Decaf
415,257,94,6/2/2015,1662,341,West,Beans,Espresso,Decaf Espresso,334,637,California,240,550,116,Decaf
909,122,-50,6/3/2015,2555,-13,West,Beans,Coffee,Amaretto,-110,116,California,-60,150,61,Regular
818,260,-103,6/4/2015,2548,390,West,Beans,Coffee,Colombian,367,693,California,470,960,143,Regular
714,239,61,6/5/2015,1755,239,West,Beans,Espresso,Caffe Latte,221,509,California,160,430,90,Regular
805,125,-10,6/6/2015,898,173,West,Beans,Espresso,Caffe Mocha,40,318,California,50,270,146,Regular
925,108,51,6/7/2015,971,157,West,Leaves,Herbal Tea,Chamomile,171,282,California,120,210,42,Decaf
951,239,106,6/8/2015,1246,281,West,Leaves,Herbal Tea,Lemon,276,554,California,170,410,95,Decaf
831,123,119,6/9/2015,915,179,West,Leaves,Tea,Darjeeling,199,322,California,80,140,45,Regular
971,43,-37,6/10/2015,419,64,West,Beans,Coffee,Decaf Irish Cream,43,114,Oregon,80,150,35,Decaf
435,79,-70,6/11/2015,593,98,West,Beans,Coffee,Decaf Irish Cream,50,189,Utah,120,260,64,Decaf
206,96,-75,6/12/2015,683,134,West,Beans,Coffee,Decaf Irish Cream,25,245,Washington,100,330,117,Decaf
503,161,25,6/13/2015,1267,161,West,Beans,Espresso,Decaf Espresso,135,343,Oregon,110,290,70,Decaf
360,80,-9,6/14/2015,1055,94,West,Beans,Espresso,Decaf Espresso,71,185,Washington,80,150,46,Decaf
503,51,-57,6/15/2015,503,71,West,Beans,Coffee,Amaretto,-7,130,Oregon,50,170,76,Regular
435,65,-37,6/16/2015,1053,77,West,Beans,Coffee,Amaretto,53,151,Utah,90,200,41,Regular
503,60,-59,6/17/2015,463,84,West,Beans,Coffee,Colombian,31,153,Oregon,90,210,63,Regular
435,47,-47,6/18/2015,375,64,West,Beans,Coffee,Colombian,33,118,Utah,80,150,42,Regular
360,68,-27,6/19/2015,438,99,West,Beans,Coffee,Colombian,83,178,Washington,110,230,43,Regular
206,22,-5,6/20/2015,573,29,West,Beans,Espresso,Caffe Latte,15,54,Washington,20,30,19,Regular
775,21,1,6/21/2015,846,31,West,Beans,Espresso,Caffe Mocha,21,55,Nevada,20,30,17,Regular
435,103,19,6/22/2015,564,133,West,Beans,Espresso,Caffe Mocha,129,251,Utah,110,210,46,Regular
702,125,-21,6/23/2015,898,173,West,Leaves,Herbal Tea,Chamomile,39,318,Nevada,60,240,147,Decaf
360,125,41,6/24/2015,1119,188,West,Leaves,Herbal Tea,Chamomile,171,334,Washington,130,250,73,Decaf
775,154,58,6/25/2015,1132,213,West,Leaves,Herbal Tea,Lemon,178,391,Nevada,120,290,93,Decaf
541,90,18,6/26/2015,572,115,West,Leaves,Herbal Tea,Lemon,108,218,Oregon,90,160,42,Decaf
775,122,39,6/27/2015,789,176,West,Leaves,Herbal Tea,Mint,169,318,Nevada,130,240,62,Decaf
435,86,-40,6/28/2015,1698,23,West,Leaves,Herbal Tea,Mint,-40,116,Utah,0,80,50,Decaf
775,257,202,6/29/2015,1662,341,West,Leaves,Tea,Darjeeling,332,637,Nevada,130,290,117,Regular
971,21,4,6/30/2015,480,32,West,Leaves,Tea,Darjeeling,24,56,Oregon,20,20,16,Regular
775,239,141,7/1/2015,1755,239,West,Leaves,Tea,Earl Grey,221,509,Nevada,80,230,90,Regular
702,255,-369,7/2/2015,7058,-255,West,Leaves,Tea,Green Tea,-539,22,Nevada,-170,0,129,Regular
435,25,-28,7/3/2015,209,31,West,Leaves,Tea,Green Tea,-18,60,Utah,10,20,43,Regular
626,173,-58,7/4/2015,3909,-27,West,Beans,Coffee,Decaf Irish Cream,-188,156,California,-130,170,100,Decaf
213,228,102,7/5/2015,1691,304,West,Beans,Espresso,Decaf Espresso,292,567,California,190,510,107,Decaf
916,113,-33,7/6/2015,2758,3,West,Beans,Coffee,Amaretto,-83,124,California,-50,130,59,Regular
213,249,39,7/7/2015,2580,374,West,Beans,Coffee,Colombian,349,664,California,310,740,139,Regular
951,211,51,7/8/2015,1778,212,West,Beans,Espresso,Caffe Latte,191,451,California,140,410,83,Regular
916,121,-1,7/9/2015,912,168,West,Beans,Espresso,Caffe Mocha,39,308,California,40,280,142,Regular
760,81,45,7/10/2015,984,117,West,Leaves,Herbal Tea,Chamomile,125,211,California,80,180,33,Decaf
510,225,98,7/11/2015,1272,265,West,Leaves,Herbal Tea,Lemon,258,522,California,160,450,91,Decaf
805,118,80,7/12/2015,930,172,West,Leaves,Tea,Darjeeling,190,309,California,110,210,44,Regular
435,82,-4,7/13/2015,601,102,West,Beans,Coffee,Decaf Irish Cream,56,196,Utah,60,210,64,Decaf
509,94,-16,7/14/2015,694,130,West,Beans,Coffee,Decaf Irish Cream,24,239,Washington,40,260,114,Decaf
971,181,40,7/15/2015,1283,182,West,Beans,Espresso,Decaf Espresso,160,387,Oregon,120,350,74,Decaf
435,69,8,7/16/2015,1060,81,West,Beans,Coffee,Amaretto,58,160,Utah,50,170,42,Regular
541,53,-19,7/17/2015,470,75,West,Beans,Coffee,Colombian,21,136,Oregon,40,150,61,Regular
253,63,4,7/18/2015,446,93,West,Beans,Coffee,Colombian,74,166,Washington,70,180,43,Regular
775,15,3,7/19/2015,848,24,West,Beans,Espresso,Caffe Mocha,13,42,Nevada,10,30,15,Regular
801,101,36,7/20/2015,552,130,West,Beans,Espresso,Caffe Mocha,126,246,Utah,90,220,45,Regular
702,121,19,7/21/2015,912,168,West,Leaves,Herbal Tea,Chamomile,39,308,Nevada,20,260,142,Decaf
206,130,61,7/22/2015,1134,195,West,Leaves,Herbal Tea,Chamomile,181,346,Washington,120,300,73,Decaf
702,173,75,7/23/2015,1150,239,West,Leaves,Herbal Tea,Lemon,205,439,Nevada,130,380,101,Decaf
541,88,34,7/24/2015,561,112,West,Leaves,Herbal Tea,Lemon,104,213,Oregon,70,180,42,Decaf
775,113,59,7/25/2015,803,165,West,Leaves,Herbal Tea,Mint,159,296,Nevada,100,250,58,Decaf
775,228,151,7/26/2015,1691,304,West,Leaves,Tea,Darjeeling,291,567,Nevada,140,380,108,Regular
702,211,110,7/27/2015,1778,212,West,Leaves,Tea,Earl Grey,190,451,Nevada,80,300,84,Regular
503,78,42,7/28/2015,798,119,West,Leaves,Tea,Earl Grey,92,210,Oregon,50,140,57,Regular
775,245,-225,7/29/2015,7653,-245,West,Leaves,Tea,Green Tea,-505,34,Nevada,-280,0,127,Regular
971,102,62,7/30/2015,666,143,West,Leaves,Tea,Green Tea,132,261,Oregon,70,170,54,Regular
951,224,-71,7/31/2015,4216,-32,West,Beans,Coffee,Decaf Irish Cream,-221,205,California,-150,220,117,Decaf
209,247,111,8/1/2015,1744,329,West,Beans,Espresso,Decaf Espresso,321,614,California,210,550,113,Decaf
209,127,-41,8/2/2015,2947,-25,West,Beans,Coffee,Amaretto,-131,109,California,-90,120,63,Regular
530,279,52,8/3/2015,2642,420,West,Beans,Coffee,Colombian,402,745,California,350,830,149,Regular
949,250,73,8/4/2015,1820,251,West,Beans,Espresso,Caffe Latte,233,534,California,160,480,94,Regular
530,135,6,8/5/2015,940,187,West,Beans,Espresso,Caffe Mocha,46,343,California,40,310,156,Regular
916,86,52,8/6/2015,1003,124,West,Leaves,Herbal Tea,Chamomile,132,224,California,80,190,35,Decaf
661,241,109,8/7/2015,1321,284,West,Leaves,Herbal Tea,Lemon,279,559,California,170,480,96,Decaf
323,123,89,8/8/2015,959,179,West,Leaves,Tea,Darjeeling,199,322,California,110,220,45,Regular
801,68,-11,8/9/2015,619,85,West,Beans,Coffee,Decaf Irish Cream,39,163,Utah,50,180,59,Decaf
206,105,-20,8/10/2015,716,145,West,Beans,Coffee,Decaf Irish Cream,30,266,Washington,50,290,125,Decaf
971,153,49,8/11/2015,1319,153,West,Beans,Espresso,Decaf Espresso,129,326,Oregon,80,290,66,Decaf
360,80,16,8/12/2015,1079,96,West,Beans,Espresso,Decaf Espresso,76,188,Washington,60,170,45,Decaf
435,63,3,8/13/2015,1075,76,West,Beans,Coffee,Amaretto,53,148,Utah,50,160,40,Regular
360,72,6,8/14/2015,461,104,West,Beans,Coffee,Colombian,86,188,Washington,80,200,46,Regular
775,16,5,8/15/2015,851,25,West,Beans,Espresso,Caffe Mocha,15,44,Nevada,10,30,15,Regular
435,94,44,8/16/2015,540,120,West,Beans,Espresso,Caffe Mocha,114,228,Utah,70,200,43,Regular
702,135,17,8/17/2015,940,187,West,Leaves,Herbal Tea,Chamomile,47,343,Nevada,30,290,155,Decaf
253,115,46,8/18/2015,1166,174,West,Leaves,Herbal Tea,Chamomile,156,308,Washington,110,260,69,Decaf
702,224,118,8/19/2015,1191,310,West,Leaves,Herbal Tea,Lemon,288,569,Nevada,170,490,116,Decaf
503,81,28,8/20/2015,551,104,West,Leaves,Herbal Tea,Lemon,98,197,Oregon,70,170,38,Decaf
775,127,61,8/21/2015,830,185,West,Leaves,Herbal Tea,Mint,181,332,Nevada,120,290,63,Decaf
775,247,169,8/22/2015,1744,329,West,Leaves,Tea,Darjeeling,319,614,Nevada,150,420,114,Regular
775,250,133,8/23/2015,1820,251,West,Leaves,Tea,Earl Grey,233,534,Nevada,100,360,94,Regular
971,88,48,8/24/2015,817,133,West,Leaves,Tea,Earl Grey,108,236,Oregon,60,160,60,Regular
775,294,-285,8/25/2015,8252,-294,West,Leaves,Tea,Green Tea,-605,33,Nevada,-320,0,145,Regular
503,134,80,8/26/2015,690,186,West,Leaves,Tea,Green Tea,180,341,Oregon,100,230,65,Regular
435,20,-22,8/27/2015,218,25,West,Leaves,Tea,Green Tea,-22,48,Utah,0,30,40,Regular
