CodingHours,CoffeeCupsPerDay,CoffeeTime,CodingWithoutCoffee,CoffeeType,Gender,Country,AgeRange
8,2,Before coding,Yes,Caffè latte,Female,Lebanon,18-29
3,2,Before coding,Yes,Americano,Female,Lebanon,30-39
5,3,While coding,No,Nescafe,Female,Lebanon,18 -29
8,2,Before coding,No,Nescafe,Male,Lebanon,18-29
10,3,While coding,Sometimes,Turkish,Male,Lebanon,18-29
8,2,While coding,Sometimes,Nescafe,Male,Lebanon,30-39
5,2,While coding,Yes,Nescafe,Male,Lebanon,30-49
10,4,Before coding,Sometimes,Turkish,Male,Lebanon,18-29
10,2,While coding,Yes,American Coffee,Male,Lebanon,30-39
10,2,While coding,Yes,Nescafe,Male,Lebanon,30-39
10,3,While coding,Sometimes,American Coffee,Male,Lebanon,30-39
2,3,Before coding,Sometimes,Turkish,Male,Lebanon,30-39
8,2,Before and while coding,No,Nescafe,Male,Lebanon,30-39
9,3,While coding,Sometimes,Nescafe,Male,Lebanon,30-39
6,1,Before coding,Yes,Nescafe,Male,Lebanon,18-29
6,3,While coding,No,Americano,Female,Lebanon,30-39
10,3,While coding,Sometimes,American Coffee,Male,Lebanon,30-39
6,4,While coding,Yes,Turkish,Male,Lebanon,30-39
8,3,While coding,No,Nescafe,Male,Lebanon,18-29
3,1,In the morning,Yes,Nescafe,Female,Lebanon,30-39
3,3,While coding,Yes,Espresso (Short Black),Male,Lebanon,18-29
9,5,While coding,Sometimes,Nescafe,Male,Lebanon,18-29
4,2,While coding,Sometimes,American Coffee,Male,Lebanon,18-29
8,3,While coding,No,Turkish,Male,Lebanon,40-49
5,3,While coding,Sometimes,Cappuccino,Male,Lebanon,18-29
6,3,While coding,Yes,Nescafe,Female,Lebanon,30-39
7,4,Before coding,Sometimes,Espresso (Short Black),Male,Lebanon,30-39
8,4,While coding,Sometimes,Turkish,Male,Lebanon,30-39
7,1,Before coding,Yes,Nescafe,Male,Lebanon,30-39
2,2,While coding,Sometimes,American Coffee,Male,Lebanon,40-49
10,6,All the time,No,American Coffee,Male,Lebanon,30-39
2,2,While coding,No,Nescafe,Female,Lebanon,18-29
9,2,Before coding,Sometimes,Nescafe,Female,Lebanon,18-29
4,1,Before coding,Yes,Nescafe,Male,Lebanon,30-39
6,2,While coding,Sometimes,Espresso (Short Black),Male,Lebanon,18-29
2,2,While coding,Yes,American Coffee,Male,Lebanon,30-39
2,3,All the time,Sometimes,Turkish,Male,Lebanon,30-39
7,7,After coding,Yes,Turkish,Female,Lebanon,40-49
1,1,While coding,Yes,Cappuccino,Male,Lebanon,40-49
4,2,While coding,Yes,Turkish,Male,Lebanon,50-59
8,2,While coding,Sometimes,Turkish,Male,Lebanon,30-39
8,4,While coding,Sometimes,Turkish,Male,Lebanon,30-39
3,2,While coding,Sometimes,American Coffee,Female,Lebanon,30-39
10,6,While coding,Sometimes,NA,Male,Lebanon,18-29
3,2,After coding,Yes,Espresso (Short Black),Male,Lebanon,40-49
7,2,While coding,Sometimes,American Coffee,Female,Lebanon,18-29
2,1,While coding,Sometimes,Caffè latte,Female,Lebanon,18-29
9,1,In the morning,Yes,Nescafe,Female,Lebanon,18-29
8,2,Before coding,No,Nescafe,Female,Lebanon,18-29
6,1,Before coding,Yes,Nescafe,Male,Lebanon,30-39
6,1,Before coding,Yes,Nescafe,Male,Lebanon,30-39
8,3,While coding,Sometimes,American Coffee,Male,Lebanon,18-29
8,2,Before coding,Sometimes,American Coffee,Male,Lebanon,18-29
3,3,While coding,No,Turkish,Male,Lebanon,18-29
7,4,No specific time,Yes,Cappuccino,Male,Lebanon,18-29
4,7,Before and while coding,No,Double Espresso (Doppio),Male,Lebanon,18-29
6,4,While coding,Sometimes,Espresso (Short Black),Male,Lebanon,18-29
10,8,While coding,No,Turkish,Male,Lebanon,18-29
8,2,While coding,Sometimes,Turkish,Male,Lebanon,18-29
2,4,While coding,Sometimes,Cappuccino,Male,Lebanon,40-49
6,2,Before coding,Yes,Caffè latte,Male,Lebanon,18-29
7,4,While coding,No,American Coffee,Male,Lebanon,18-29
8,2,While coding,Sometimes,Turkish,Male,Lebanon,18-29
7,4,Before coding,No,Turkish,Male,Lebanon,18-29
8,4,While coding,No,American Coffee,Male,Lebanon,18-29
8,2,Before coding,Sometimes,American Coffee,Female,Lebanon,18-29
6,1,In the morning,Yes,Nescafe,Female,Lebanon,30-39
10,2,While coding,Sometimes,American Coffee,Male,Lebanon,18-29
8,4,Before and while coding,No,Turkish,Male,Lebanon,18-29
10,6,While coding,Sometimes,Double Espresso (Doppio),Male,Lebanon,30-39
6,4,While coding,Sometimes,Espresso (Short Black),Male,Lebanon,18-29
10,8,All the time,No,American Coffee,Male,Lebanon,18-29
5,5,While coding,Sometimes,American Coffee,Male,Lebanon,18-29
8,4,Before and while coding,Sometimes,Turkish,Male,Lebanon,30-39
4,2,While coding,No,Nescafe,Female,Lebanon,18-29
6,6,While coding,Sometimes,Cappuccino,Male,Lebanon,18-29
8,2,While coding,Sometimes,Nescafe,Male,Lebanon,30-39
9,3,While coding,Sometimes,Nescafe,Female,Lebanon,18-29
7,2,While coding,Sometimes,Caffè latte,Male,Lebanon,18-29
4,5,While coding,Sometimes,American Coffee,Male,Lebanon,18-29
2,1,While coding,Yes,Nescafe,Male,Lebanon,18-29
7,3,While coding,Sometimes,American Coffee,Female,Lebanon,18-29
6,3,While coding,Yes,Nescafe,Female,Lebanon,18-29
3,3,While coding,Sometimes,Caffè latte,Male,Lebanon,18-29
10,2,While coding,Yes,American Coffee,Male,Lebanon,18-29
10,3,While coding,Sometimes,American Coffee,Male,Lebanon,18-29
3,1,While coding,Sometimes,Nescafe,Male,Lebanon,18-29
3,3,While coding,Sometimes,American Coffee,Female,Lebanon,18-29
9,7,All the time,No,Espresso (Short Black),Male,Lebanon,18-29
10,1,Before coding,Sometimes,American Coffee,Male,Lebanon,18-29
7,1,Before coding,Sometimes,Cappuccino,Male,Lebanon,18-29
5,3,While coding,Sometimes,Turkish,Female,Lebanon,18-29
5,2,Before coding,Sometimes,Nescafe,Female,Lebanon,18-29
3,1,Before coding,Yes,Nescafe,Female,Lebanon,18-29
4,2,While coding,Yes,Nescafe,Male,Lebanon,18-29
6,2,Before coding,Yes,Nescafe,Male,Lebanon,18-29
4,1,Before coding,Sometimes,Nescafe,Female,Lebanon,18-29
10,3,Before coding,Yes,Cappuccino,Male,Lebanon,18-29
2,2,While coding,Sometimes,Espresso (Short Black),Female,Lebanon,18-29
10,4,Before coding,Sometimes,Double Espresso (Doppio),Male,Lebanon,18-29
