{
    "absoluteImportance": {
        "Profit": 32.9774878035957,
        "Target_profit": 24.335422913213662,
        "Target_sales": 4.42880931438361,
        "Area Code": 0.3152659481916821,
        "Sales": 0.37667919217427825,
        "Inventory Margin": 0.2520721132182995,
        "Total_expenses": 0.4490980258570327,
        "Cogs": 0.2762836863684658,
        "Product": 0.18010450373380657,
        "State": 0.20350590877573874,
        "Product_type": 0.21893815642513526,
        "Margin": 0.20817426773203043,
        "Type": 0.23426432551503135,
        "Market": 0.09606863691084448,
        "Date": 0.036762965099996436,
        "Product_line": 0.04804386617263678,
        "CodingHours": 0.0,
        "AgeRange": 0.0,
        "CoffeeCupsPerDay": 0.0,
        "Gender": 0.0
    }
}