{
    "perClassFacts": {
        "unique": {
            "Profit": {
                "impact": 32.9774878035957,
                "rank": 1,
                "feature": "Profit",
                "correlation": 0.9012682610354742,
                "type": "NUMERICAL"
            },
            "Target_profit": {
                "impact": 24.335422913213662,
                "rank": 2,
                "feature": "Target_profit",
                "correlation": -0.8969245023874963,
                "type": "NUMERICAL"
            },
            "Date": {
                "impact": 0.036762965099996436,
                "rank": 16,
                "feature": "Date",
                "positiveCategoricalValue": "9/27/2014",
                "negativeCategoricalValue": "1/19/2015",
                "infoGain": 0.6917242833307351,
                "type": "CATEGORICAL"
            },
            "CodingHours": {
                "impact": 0.0,
                "rank": 17,
                "feature": "CodingHours",
                "positiveCategoricalValue": 6.78,
                "negativeCategoricalValue": NaN,
                "infoGain": NaN,
                "type": "CATEGORICAL"
            },
            "CoffeeCupsPerDay": {
                "impact": 0.0,
                "rank": 19,
                "feature": "CoffeeCupsPerDay",
                "positiveCategoricalValue": 3.006666666666667,
                "negativeCategoricalValue": NaN,
                "infoGain": NaN,
                "type": "CATEGORICAL"
            }
        }
    }
}