[
    {
        "test_score_gib": 0.9396803308526109,
        "train_score": 0.9381927553252356,
        "test_score": 0.9396803308526109,
        "num_samples": 15983,
        "fit_time": 373953,
        "score_time": 3698,
        "time": 377651,
        "parameters": {
            "max_depth": 6,
            "max_features": "auto",
            "min_samples_leaf": 10,
            "n_estimators": 100,
            "min_samples_split": 30
        },
        "done_at": 1703015817030,
        "split_id": 0
    },
    {
        "test_score_gib": 0.9417916087541982,
        "train_score": 0.9409416741477428,
        "test_score": 0.9417916087541982,
        "num_samples": 15983,
        "fit_time": 374440,
        "score_time": 3907,
        "time": 378347,
        "parameters": {
            "max_depth": 6,
            "max_features": "auto",
            "min_samples_leaf": 10,
            "n_estimators": 100,
            "min_samples_split": 30
        },
        "done_at": 1703015817817,
        "split_id": 1
    },
    {
        "test_score_gib": 0.9287813774430522,
        "train_score": 0.9279078908974207,
        "test_score": 0.9287813774430522,
        "num_samples": 15982,
        "fit_time": 376499,
        "score_time": 4700,
        "time": 381199,
        "parameters": {
            "max_depth": 6,
            "max_features": "auto",
            "min_samples_leaf": 10,
            "n_estimators": 100,
            "min_samples_split": 30
        },
        "done_at": 1703015821052,
        "split_id": 2
    },
    {
        "test_score_gib": 0.9443038614342112,
        "train_score": 0.9454629342863302,
        "test_score": 0.9443038614342112,
        "num_samples": 15982,
        "fit_time": 370379,
        "score_time": 3698,
        "time": 374077,
        "parameters": {
            "max_depth": 6,
            "max_features": "auto",
            "min_samples_leaf": 10,
            "n_estimators": 100,
            "min_samples_split": 30
        },
        "done_at": 1703015813929,
        "split_id": 3
    },
    {
        "test_score_gib": 0.9250832614600877,
        "train_score": 0.9300780464602308,
        "test_score": 0.9250832614600877,
        "num_samples": 15982,
        "fit_time": 333797,
        "score_time": 3569,
        "time": 337366,
        "parameters": {
            "max_depth": 6,
            "max_features": "auto",
            "min_samples_leaf": 10,
            "n_estimators": 100,
            "min_samples_split": 30
        },
        "done_at": 1703016151338,
        "split_id": 4
    },
    {
        "test_score_gib": 0.9999909305874669,
        "train_score": 0.9999908812763694,
        "test_score": 0.9999909305874669,
        "num_samples": 15983,
        "fit_time": 438361,
        "score_time": 5731,
        "time": 444092,
        "parameters": {
            "max_depth": 15,
            "max_features": "auto",
            "min_samples_leaf": 10,
            "n_estimators": 100,
            "min_samples_split": 30
        },
        "done_at": 1703016261157,
        "split_id": 0
    },
    {
        "test_score_gib": 0.9999967868731789,
        "train_score": 0.9999968651467163,
        "test_score": 0.9999967868731789,
        "num_samples": 15983,
        "fit_time": 450698,
        "score_time": 5969,
        "time": 456667,
        "parameters": {
            "max_depth": 15,
            "max_features": "auto",
            "min_samples_leaf": 10,
            "n_estimators": 100,
            "min_samples_split": 30
        },
        "done_at": 1703016274521,
        "split_id": 1
    },
    {
        "test_score_gib": 0.9999941247005711,
        "train_score": 0.999993356375224,
        "test_score": 0.9999941247005711,
        "num_samples": 15982,
        "fit_time": 453737,
        "score_time": 4951,
        "time": 458688,
        "parameters": {
            "max_depth": 15,
            "max_features": "auto",
            "min_samples_leaf": 10,
            "n_estimators": 100,
            "min_samples_split": 30
        },
        "done_at": 1703016279824,
        "split_id": 2
    },
    {
        "test_score_gib": 0.9999891431150658,
        "train_score": 0.999989857048156,
        "test_score": 0.9999891431150658,
        "num_samples": 15982,
        "fit_time": 313359,
        "score_time": 4373,
        "time": 317732,
        "parameters": {
            "max_depth": 15,
            "max_features": "auto",
            "min_samples_leaf": 10,
            "n_estimators": 100,
            "min_samples_split": 30
        },
        "done_at": 1703016469091,
        "split_id": 3
    },
    {
        "test_score_gib": 0.999985139515438,
        "train_score": 0.999985354361928,
        "test_score": 0.999985139515438,
        "num_samples": 15982,
        "fit_time": 269415,
        "score_time": 3702,
        "time": 273117,
        "parameters": {
            "max_depth": 15,
            "max_features": "auto",
            "min_samples_leaf": 10,
            "n_estimators": 100,
            "min_samples_split": 30
        },
        "done_at": 1703016534319,
        "split_id": 4
    }
]