{
    "startedAt": 1703015439366,
    "gridSize": 2,
    "nThreads": 4,
    "nSplits": 5,
    "metric": "R2",
    "timeout": null,
    "gridPoints": [
        {
            "finishedAt": 1703016151338,
            "score": 0.9359282083182398,
            "testScoreGibMean": 0.9359282083182398,
            "testScoreMean": 0.9359282083182398,
            "testScoreStd": 0.007580176235086946,
            "trainScoreMean": 0.9365167365712376,
            "trainScoreStd": 0.006602854900790373,
            "time": 1848640,
            "fitTimeMean": 365813.6,
            "fitTimeStd": 16129.153326817872,
            "scoreTimeMean": 3914.4,
            "scoreTimeStd": 407.47544711307455,
            "parameters": {
                "max_depth": 6,
                "max_features": "auto",
                "min_samples_leaf": 10,
                "n_estimators": 100,
                "min_samples_split": 30
            }
        },
        {
            "finishedAt": 1703016534319,
            "score": 0.9999912250242611,
            "testScoreGibMean": 0.9999912250242611,
            "testScoreMean": 0.9999912250242611,
            "testScoreStd": 4.0198671978779155e-06,
            "trainScoreMean": 0.9999912629070098,
            "trainScoreStd": 3.8157787084114795e-06,
            "time": 1950296,
            "fitTimeMean": 385114.0,
            "fitTimeStd": 77949.54627193157,
            "scoreTimeMean": 4945.2,
            "scoreTimeStd": 841.2658081724229,
            "parameters": {
                "max_depth": 15,
                "max_features": "auto",
                "min_samples_leaf": 10,
                "n_estimators": 100,
                "min_samples_split": 30
            }
        }
    ]
}