{
    "metrics": {
        "evs": 0.9999919218877111,
        "mape": 0.005355562559286819,
        "mae": 0.02831768952177898,
        "mse": 0.016023218192260033,
        "rmse": 0.1265828510986383,
        "rmsle": 0,
        "r2": 0.9999919217307238,
        "pearson": 0.999995961292279,
        "customMetricsResults": []
    },
    "processed_feature_names": [
        "CodingHours",
        "Area Code",
        "Inventory Margin",
        "Target_sales",
        "CoffeeCupsPerDay",
        "Target_profit",
        "Sales",
        "Total_expenses",
        "Cogs",
        "Profit",
        "Margin",
        "dummy:AgeRange:18-29",
        "dummy:AgeRange:30-39",
        "dummy:AgeRange:40-49",
        "dummy:AgeRange:18 -29",
        "dummy:AgeRange:50-59",
        "dummy:AgeRange:30-49",
        "dummy:AgeRange:N/A",
        "dummy:AgeRange:__Others__",
        "dummy:Product:Lemon",
        "dummy:Product:Colombian",
        "dummy:Product:Caffe Mocha",
        "dummy:Product:Decaf Espresso",
        "dummy:Product:Decaf Irish Cream",
        "dummy:Product:Chamomile",
        "dummy:Product:Darjeeling",
        "dummy:Product:Green Tea",
        "dummy:Product:Earl Grey",
        "dummy:Product:Caffe Latte",
        "dummy:Product:Mint",
        "dummy:Product:Amaretto",
        "dummy:Product:Regular Espresso",
        "dummy:Product:N/A",
        "dummy:Product:__Others__",
        "dummy:Gender:Male",
        "dummy:Gender:Female",
        "dummy:Gender:N/A",
        "dummy:Gender:__Others__",
        "dummy:Product_line:Beans",
        "dummy:Product_line:Leaves",
        "dummy:Product_line:N/A",
        "dummy:Product_line:__Others__",
        "dummy:CodingWithoutCoffee:Sometimes",
        "dummy:CodingWithoutCoffee:Yes",
        "dummy:CodingWithoutCoffee:No",
        "dummy:CodingWithoutCoffee:N/A",
        "dummy:CodingWithoutCoffee:__Others__",
        "dummy:Market:West",
        "dummy:Market:Central",
        "dummy:Market:East",
        "dummy:Market:South",
        "dummy:Market:N/A",
        "dummy:Market:__Others__",
        "dummy:CoffeeType:Nescafe",
        "dummy:CoffeeType:American Coffee",
        "dummy:CoffeeType:Turkish",
        "dummy:CoffeeType:Espresso (Short Black)",
        "dummy:CoffeeType:Cappuccino",
        "dummy:CoffeeType:Caff\u00e8 latte",
        "dummy:CoffeeType:Double Espresso (Doppio)",
        "dummy:CoffeeType:Americano",
        "dummy:CoffeeType:N/A",
        "dummy:CoffeeType:__Others__",
        "dummy:Date:10/1/2012",
        "dummy:Date:3/29/2015",
        "dummy:Date:2/19/2013",
        "dummy:Date:8/2/2014",
        "dummy:Date:10/22/2014",
        "dummy:Date:10/28/2012",
        "dummy:Date:12/1/2012",
        "dummy:Date:8/30/2014",
        "dummy:Date:11/14/2012",
        "dummy:Date:6/5/2013",
        "dummy:Date:2/20/2015",
        "dummy:Date:12/29/2014",
        "dummy:Date:5/6/2015",
        "dummy:Date:11/13/2012",
        "dummy:Date:10/6/2012",
        "dummy:Date:3/7/2013",
        "dummy:Date:2/20/2014",
        "dummy:Date:1/18/2014",
        "dummy:Date:10/20/2012",
        "dummy:Date:6/19/2013",
        "dummy:Date:2/25/2015",
        "dummy:Date:3/6/2015",
        "dummy:Date:4/29/2014",
        "dummy:Date:5/16/2015",
        "dummy:Date:12/5/2013",
        "dummy:Date:6/3/2013",
        "dummy:Date:12/29/2013",
        "dummy:Date:2/9/2013",
        "dummy:Date:6/4/2014",
        "dummy:Date:12/11/2014",
        "dummy:Date:5/9/2015",
        "dummy:Date:4/2/2014",
        "dummy:Date:8/2/2013",
        "dummy:Date:12/20/2012",
        "dummy:Date:1/28/2014",
        "dummy:Date:5/6/2014",
        "dummy:Date:12/25/2013",
        "dummy:Date:10/17/2012",
        "dummy:Date:7/13/2014",
        "dummy:Date:12/8/2014",
        "dummy:Date:7/4/2014",
        "dummy:Date:7/25/2013",
        "dummy:Date:1/17/2013",
        "dummy:Date:11/17/2013",
        "dummy:Date:1/14/2015",
        "dummy:Date:3/3/2014",
        "dummy:Date:3/31/2015",
        "dummy:Date:9/6/2014",
        "dummy:Date:3/16/2013",
        "dummy:Date:1/15/2013",
        "dummy:Date:12/31/2012",
        "dummy:Date:4/9/2015",
        "dummy:Date:7/20/2013",
        "dummy:Date:10/9/2013",
        "dummy:Date:11/21/2014",
        "dummy:Date:6/27/2013",
        "dummy:Date:11/25/2012",
        "dummy:Date:5/17/2014",
        "dummy:Date:11/9/2012",
        "dummy:Date:5/21/2013",
        "dummy:Date:11/7/2013",
        "dummy:Date:7/22/2014",
        "dummy:Date:11/29/2014",
        "dummy:Date:10/25/2014",
        "dummy:Date:12/14/2013",
        "dummy:Date:7/30/2013",
        "dummy:Date:8/13/2015",
        "dummy:Date:6/17/2014",
        "dummy:Date:6/15/2013",
        "dummy:Date:12/6/2014",
        "dummy:Date:11/12/2013",
        "dummy:Date:3/13/2014",
        "dummy:Date:1/21/2015",
        "dummy:Date:3/15/2013",
        "dummy:Date:1/3/2013",
        "dummy:Date:4/11/2013",
        "dummy:Date:3/30/2013",
        "dummy:Date:9/6/2013",
        "dummy:Date:9/1/2014",
        "dummy:Date:2/26/2013",
        "dummy:Date:3/29/2013",
        "dummy:Date:10/25/2012",
        "dummy:Date:11/30/2013",
        "dummy:Date:7/30/2015",
        "dummy:Date:1/19/2013",
        "dummy:Date:1/2/2013",
        "dummy:Date:12/7/2013",
        "dummy:Date:6/12/2014",
        "dummy:Date:4/3/2014",
        "dummy:Date:10/27/2013",
        "dummy:Date:2/21/2015",
        "dummy:Date:8/12/2015",
        "dummy:Date:12/12/2013",
        "dummy:Date:12/12/2014",
        "dummy:Date:8/13/2013",
        "dummy:Date:12/13/2013",
        "dummy:Date:9/26/2013",
        "dummy:Date:10/28/2013",
        "dummy:Date:3/28/2014",
        "dummy:Date:9/19/2013",
        "dummy:Date:3/14/2015",
        "dummy:Date:N/A",
        "dummy:Date:__Others__",
        "dummy:Product_type:Espresso",
        "dummy:Product_type:Herbal Tea",
        "dummy:Product_type:Coffee",
        "dummy:Product_type:Tea",
        "dummy:Product_type:N/A",
        "dummy:Product_type:__Others__",
        "dummy:CoffeeTime:While coding",
        "dummy:CoffeeTime:Before coding",
        "dummy:CoffeeTime:All the time",
        "dummy:CoffeeTime:Before and while coding",
        "dummy:CoffeeTime:In the morning",
        "dummy:CoffeeTime:After coding",
        "dummy:CoffeeTime:No specific time",
        "dummy:CoffeeTime:N/A",
        "dummy:CoffeeTime:__Others__",
        "dummy:Type:Regular",
        "dummy:Type:Decaf",
        "dummy:Type:N/A",
        "dummy:Type:__Others__",
        "dummy:State:California",
        "dummy:State:Utah",
        "dummy:State:Colorado",
        "dummy:State:Oregon",
        "dummy:State:Nevada",
        "dummy:State:Washington",
        "dummy:State:Missouri",
        "dummy:State:Florida",
        "dummy:State:Ohio",
        "dummy:State:Wisconsin",
        "dummy:State:Illinois",
        "dummy:State:Iowa",
        "dummy:State:New York",
        "dummy:State:Connecticut",
        "dummy:State:New Mexico",
        "dummy:State:Texas",
        "dummy:State:New Hampshire",
        "dummy:State:Oklahoma",
        "dummy:State:Louisiana",
        "dummy:State:Massachusetts",
        "dummy:State:N/A",
        "dummy:State:__Others__"
    ],
    "regression_performance": {
        "error_distribution": [
            {
                "bin_id": 0,
                "bin_min": -0.20150104944739752,
                "bin_max": -0.15752582190690184,
                "count": 494
            },
            {
                "bin_id": 1,
                "bin_min": -0.15752582190690184,
                "bin_max": -0.11398599265888634,
                "count": 157
            },
            {
                "bin_id": 2,
                "bin_min": -0.11398599265888634,
                "bin_max": -0.07044616341087084,
                "count": 141
            },
            {
                "bin_id": 3,
                "bin_min": -0.07044616341087084,
                "bin_max": -0.026906334162855317,
                "count": 1029
            },
            {
                "bin_id": 4,
                "bin_min": -0.026906334162855317,
                "bin_max": 0.01663349508516021,
                "count": 16593
            },
            {
                "bin_id": 5,
                "bin_min": 0.01663349508516021,
                "bin_max": 0.06017332433317568,
                "count": 771
            },
            {
                "bin_id": 6,
                "bin_min": 0.06017332433317568,
                "bin_max": 0.10371315358119121,
                "count": 149
            },
            {
                "bin_id": 7,
                "bin_min": 0.10371315358119121,
                "bin_max": 0.14725298282920674,
                "count": 188
            },
            {
                "bin_id": 8,
                "bin_min": 0.14725298282920674,
                "bin_max": 0.19079281207722226,
                "count": 118
            },
            {
                "bin_id": 9,
                "bin_min": 0.19079281207722226,
                "bin_max": 0.2343326413252378,
                "count": 448
            }
        ],
        "raw_min_error": -2.2336074597399715,
        "min_error": -0.20106565115491737,
        "p25_error": 0.0,
        "median_error": 0.0,
        "average_error": 0.0003154366298778143,
        "std_error": 0.05446996936865834,
        "p75_error": 0.0,
        "p90_error": 0.01125797543334528,
        "max_error": 0.2343326413252378,
        "raw_max_error": 2.2463925402600253
    },
    "scatterPlotData": {
        "x": [
            -23.0,
            -9.0,
            -9.0,
            31.0,
            -19.0,
            -1.0,
            2.0,
            14.0,
            26.0,
            8.0,
            -7.0,
            1.0,
            4.0,
            19.0,
            -18.0,
            3.0,
            94.0,
            -9.0,
            -11.0,
            -17.0,
            -1.0,
            -4.0,
            112.0,
            -22.0,
            4.0,
            -5.0,
            -74.0,
            -14.0,
            -10.0,
            -18.0,
            -1.0,
            -6.0,
            -11.0,
            3.0,
            -37.0,
            -75.0,
            -17.0,
            67.0,
            -42.0,
            143.0,
            -25.0,
            -23.0,
            2.0,
            -7.0,
            47.0,
            -4.0,
            -7.0,
            64.0,
            -4.0,
            -2.0,
            -26.0,
            -30.0,
            42.0,
            -4.0,
            133.0,
            -16.0,
            13.0,
            -13.0,
            -15.0,
            1.0,
            -2.0,
            -1.0,
            2.0,
            6.0,
            16.0,
            -6.0,
            16.0,
            -7.0,
            -4.0,
            31.0,
            110.0,
            54.0,
            -30.0,
            -4.0,
            -53.0,
            -5.0,
            -2.0,
            40.0,
            -5.0,
            8.0,
            -22.0,
            -98.0,
            -16.0,
            -2.0,
            133.0,
            -20.0,
            -6.0,
            -15.0,
            -39.0,
            -69.0,
            -13.0,
            16.0,
            -17.0,
            -23.0,
            -7.0,
            181.0,
            -22.0,
            2.0,
            -14.0,
            16.0,
            196.0,
            20.0,
            24.0,
            -29.0,
            16.0,
            -1.0,
            -31.0,
            -6.0,
            1.0,
            59.0,
            -6.0,
            -11.0,
            18.0,
            10.0,
            52.0,
            -12.0,
            -29.0,
            41.0,
            2.0,
            5.0,
            34.0,
            41.0,
            -11.0,
            -15.0,
            -15.0,
            8.0,
            1.0,
            -3.0,
            41.0,
            -6.0,
            1.0,
            20.0,
            -88.0,
            5.0,
            16.0,
            -4.0,
            -30.0,
            -13.0,
            -10.0,
            -26.0,
            -1.0,
            -65.0,
            -3.0,
            -16.0,
            -37.0,
            -13.0,
            36.0,
            -11.0,
            13.0,
            26.0,
            -9.0,
            6.0,
            -19.0,
            -11.0,
            118.0,
            -2.0,
            -13.0,
            -1.0,
            24.0,
            -33.0,
            120.0,
            -22.0,
            4.0,
            -1.0,
            -14.0,
            13.0,
            -14.0,
            -22.0,
            19.0,
            44.0,
            23.0,
            -5.0,
            -1.0,
            -28.0,
            -4.0,
            -11.0,
            24.0,
            -53.0,
            137.0,
            23.0,
            -6.0,
            -75.0,
            -11.0,
            -18.0,
            -13.0,
            -2.0,
            1.0,
            0.0,
            -9.0,
            -7.0,
            -20.0,
            -34.0,
            -22.0,
            51.0,
            9.0,
            5.0,
            5.0,
            -74.0,
            4.0,
            27.0,
            2.0,
            42.0,
            9.0,
            -151.0,
            29.0,
            15.0,
            3.0,
            7.0,
            -14.0,
            5.0,
            -44.0,
            -8.0,
            5.0,
            -5.0,
            13.0,
            1.0,
            -9.0,
            5.0,
            8.0,
            -14.0,
            40.0,
            6.0,
            0.0,
            10.0,
            23.0,
            30.0,
            20.0,
            45.0,
            -35.0,
            14.0,
            -16.0,
            -14.0,
            -66.0,
            29.0,
            -8.0,
            15.0,
            42.0,
            -16.0,
            16.0,
            0.0,
            -3.0,
            -29.0,
            -49.0,
            -33.0,
            -9.0,
            36.0,
            -10.0,
            -5.0,
            0.0,
            -1.0,
            19.0,
            47.0,
            152.0,
            -12.0,
            42.0,
            45.0,
            -18.0,
            -151.0,
            -23.0,
            12.0,
            -22.0,
            -5.0,
            -6.0,
            -24.0,
            -32.0,
            -37.0,
            -10.0,
            -13.0,
            18.0,
            -24.0,
            20.0,
            -3.0,
            -12.0,
            -16.0,
            2.0,
            -50.0,
            8.0,
            -10.0,
            -63.0,
            -2.0,
            -9.0,
            0.0,
            2.0,
            -17.0,
            -30.0,
            71.0,
            -16.0,
            -4.0,
            3.0,
            6.0,
            7.0,
            -16.0,
            -3.0,
            5.0,
            78.0,
            9.0,
            -1.0,
            16.0,
            -12.0,
            22.0,
            -26.0,
            -14.0,
            2.0,
            25.0,
            -20.0,
            41.0,
            -2.0,
            -33.0,
            15.0,
            122.0,
            -69.0,
            8.0,
            -5.0,
            -24.0,
            -4.0,
            -15.0,
            -6.0,
            61.0,
            -4.0,
            3.0,
            -34.0,
            10.0,
            -16.0,
            31.0,
            -18.0,
            -23.0,
            19.0,
            -32.0,
            10.0,
            -1.0,
            24.0,
            -18.0,
            33.0,
            111.0,
            9.0,
            -6.0,
            89.0,
            6.0,
            10.0,
            -19.0,
            -1.0,
            -32.0,
            -37.0,
            -11.0,
            22.0,
            59.0,
            45.0,
            31.0,
            1.0,
            -9.0,
            -34.0,
            7.0,
            -8.0,
            3.0,
            -22.0,
            13.0,
            18.0,
            -24.0,
            -4.0,
            -1.0,
            -37.0,
            23.0,
            -15.0,
            -8.0,
            196.0,
            -23.0,
            -88.0,
            7.0,
            4.0,
            -33.0,
            20.0,
            -57.0,
            3.0,
            16.0,
            4.0,
            -24.0,
            -13.0,
            -12.0,
            -54.0,
            -3.0,
            -79.0,
            -22.0,
            -2.0,
            16.0,
            3.0,
            -19.0,
            16.0,
            -8.0,
            -3.0,
            13.0,
            21.0,
            -40.0,
            18.0,
            -58.0,
            8.0,
            -12.0,
            -5.0,
            10.0,
            -2.0,
            -6.0,
            -9.0,
            13.0,
            -35.0,
            4.0,
            16.0,
            -3.0,
            -2.0,
            0.0,
            -60.0,
            -15.0,
            -11.0,
            -11.0,
            -23.0,
            -35.0,
            16.0,
            -9.0,
            -12.0,
            8.0,
            -12.0,
            122.0,
            -17.0,
            14.0,
            0.0,
            -14.0,
            -41.0,
            -75.0,
            -12.0,
            119.0,
            41.0,
            13.0,
            -30.0,
            -19.0,
            -71.0,
            -13.0,
            -5.0,
            -1.0,
            16.0,
            43.0,
            -27.0,
            -19.0,
            -11.0,
            -14.0,
            73.0,
            -58.0,
            -5.0,
            -9.0,
            29.0,
            14.0,
            6.0,
            16.0,
            -4.0,
            -22.0,
            -7.0,
            -110.0,
            2.0,
            -10.0,
            33.0,
            -14.0,
            -3.0,
            7.0,
            -23.0,
            -6.0,
            30.0,
            8.0,
            -4.0,
            -5.0,
            -19.0,
            -79.0,
            -63.0,
            -3.0,
            -98.0,
            -3.0,
            13.0,
            -1.0,
            47.0,
            8.0,
            -6.0,
            -28.0,
            -22.0,
            -8.0,
            6.0,
            -11.0,
            -3.0,
            47.0,
            3.0,
            21.0,
            35.0,
            13.0,
            -22.0,
            17.0,
            -16.0,
            9.0,
            99.0,
            -10.0,
            4.0,
            20.0,
            4.0,
            94.0,
            -3.0,
            -13.0,
            -20.0,
            -9.0,
            0.0,
            4.0,
            4.0,
            -18.0,
            6.0,
            -2.0,
            -4.0,
            -49.0,
            -24.0,
            -13.0,
            -5.0,
            -18.0,
            -6.0,
            -15.0,
            -33.0,
            13.0,
            -10.0,
            4.0,
            -41.0,
            -35.0,
            -6.0,
            30.0,
            -14.0,
            -22.0,
            -8.0,
            5.0,
            -3.0,
            -8.0,
            6.0,
            5.0,
            16.0,
            25.0,
            31.0,
            -4.0,
            36.0,
            2.0,
            21.0,
            -39.0,
            -16.0,
            -13.0,
            -88.0,
            -1.0,
            1.0,
            -16.0,
            13.0,
            -4.0,
            -12.0,
            -151.0,
            -54.0,
            -4.0,
            -10.0,
            -11.0,
            -36.0,
            -40.0,
            13.0,
            -36.0,
            6.0,
            1.0,
            -4.0,
            31.0,
            -11.0,
            -18.0,
            -35.0,
            -98.0,
            1.0,
            -3.0,
            -10.0,
            42.0,
            18.0,
            -11.0,
            -5.0,
            -1.0,
            -14.0,
            27.0,
            -2.0,
            -10.0,
            -41.0,
            -12.0,
            -10.0,
            -8.0,
            14.0,
            -16.0,
            -31.0,
            -53.0,
            -8.0,
            4.0,
            5.0,
            2.0,
            -57.0,
            5.0,
            36.0,
            18.0,
            22.0,
            -10.0,
            61.0,
            -28.0,
            12.0,
            -28.0,
            1.0,
            75.0,
            -12.0,
            2.0,
            -34.0,
            7.0,
            2.0,
            -34.0,
            -22.0,
            -22.0,
            -18.0,
            26.0,
            -6.0,
            -14.0,
            118.0,
            -10.0,
            -16.0,
            6.0,
            20.0,
            -42.0,
            -32.0,
            62.0,
            -29.0,
            -3.0,
            -3.0,
            1.0,
            -1.0,
            -6.0,
            7.0,
            -16.0,
            -11.0,
            -13.0,
            -11.0,
            -58.0,
            -14.0,
            26.0,
            -15.0,
            118.0,
            -12.0,
            -13.0,
            -4.0,
            25.0,
            151.0,
            8.0,
            45.0,
            45.0,
            -56.0,
            5.0,
            -10.0,
            -3.0,
            9.0,
            -10.0,
            -8.0,
            -10.0,
            -26.0,
            -13.0,
            -8.0,
            81.0,
            -43.0,
            -36.0,
            46.0,
            9.0,
            -11.0,
            36.0,
            -10.0,
            36.0,
            -8.0,
            -13.0,
            -14.0,
            -23.0,
            2.0,
            45.0,
            -27.0,
            13.0,
            28.0,
            -24.0,
            -15.0,
            -30.0,
            -29.0,
            15.0,
            -35.0,
            -5.0,
            -55.0,
            -49.0,
            -13.0,
            6.0,
            39.0,
            -27.0,
            15.0,
            -74.0,
            -22.0,
            18.0,
            -24.0,
            67.0,
            -7.0,
            -11.0,
            64.0,
            -8.0,
            3.0,
            -7.0,
            1.0,
            5.0,
            19.0,
            16.0,
            -3.0,
            10.0,
            0.0,
            -24.0,
            -9.0,
            2.0,
            -30.0,
            7.0,
            -5.0,
            -22.0,
            1.0,
            5.0,
            0.0,
            -2.0,
            -130.0,
            20.0,
            3.0,
            -8.0,
            45.0,
            -7.0,
            1.0,
            48.0,
            -13.0,
            16.0,
            -30.0,
            63.0,
            -15.0,
            -13.0,
            -16.0,
            -3.0,
            -37.0,
            219.0,
            -9.0,
            16.0,
            0.0,
            -28.0,
            3.0,
            17.0,
            -12.0,
            118.0,
            6.0,
            1.0,
            20.0,
            -14.0,
            30.0,
            49.0,
            -10.0,
            20.0,
            -22.0,
            15.0,
            111.0,
            0.0,
            175.0,
            7.0,
            -18.0,
            -8.0,
            3.0,
            -5.0,
            -30.0,
            -16.0,
            7.0,
            -8.0,
            -104.0,
            33.0,
            2.0,
            -11.0,
            -14.0,
            -1.0,
            -43.0,
            -21.0,
            -15.0,
            -10.0,
            -1.0,
            45.0,
            -22.0,
            -55.0,
            0.0,
            33.0,
            5.0,
            4.0,
            143.0,
            -3.0,
            13.0,
            -23.0,
            3.0,
            13.0,
            -13.0,
            -37.0,
            -15.0,
            59.0,
            -11.0,
            62.0,
            118.0,
            5.0,
            -13.0,
            48.0,
            -54.0,
            3.0,
            -10.0,
            29.0,
            88.0,
            8.0,
            -29.0,
            80.0,
            -14.0,
            27.0,
            -94.0,
            -13.0,
            -2.0,
            -12.0,
            20.0,
            13.0,
            -6.0,
            163.0,
            -7.0,
            -33.0,
            151.0,
            31.0,
            1.0,
            -13.0,
            0.0,
            35.0,
            -3.0,
            35.0,
            -4.0,
            4.0,
            -193.0,
            18.0,
            -8.0,
            -54.0,
            -22.0,
            -5.0,
            -27.0,
            -4.0,
            -50.0,
            19.0,
            -15.0,
            -15.0,
            -4.0,
            -24.0,
            20.0,
            -10.0,
            -24.0,
            -5.0,
            90.0,
            49.0,
            -9.0,
            -9.0,
            -8.0,
            -34.0,
            16.0,
            -6.0,
            -15.0,
            249.0,
            -13.0,
            -30.0,
            -37.0,
            -9.0,
            67.0,
            3.0,
            -16.0,
            -33.0,
            119.0,
            -49.0,
            0.0,
            -6.0,
            -4.0,
            -15.0,
            127.0,
            4.0,
            1.0,
            -22.0,
            -10.0,
            13.0,
            -14.0,
            -13.0,
            -23.0,
            36.0,
            45.0,
            2.0,
            12.0,
            219.0,
            9.0,
            -15.0,
            -5.0,
            -16.0,
            58.0,
            -16.0,
            -35.0,
            -9.0,
            32.0,
            -7.0,
            -8.0,
            28.0,
            -5.0,
            15.0,
            19.0,
            0.0,
            9.0,
            -10.0,
            -29.0,
            111.0,
            -8.0,
            30.0,
            -22.0,
            10.0,
            12.0,
            -75.0,
            13.0,
            7.0,
            -52.0,
            3.0,
            5.0,
            -39.0,
            -22.0,
            2.0,
            0.0,
            -28.0,
            90.0,
            -28.0,
            -18.0,
            -10.0,
            30.0,
            -2.0,
            9.0,
            -32.0,
            -11.0,
            -5.0,
            2.0,
            -10.0,
            67.0,
            -1.0,
            4.0,
            -6.0,
            7.0,
            3.0,
            -16.0,
            -22.0,
            120.0,
            -6.0,
            53.0,
            -20.0,
            -10.0,
            28.0,
            -110.0,
            -12.0,
            -23.0,
            -10.0,
            -12.0,
            -94.0,
            -7.0,
            28.0,
            -35.0,
            -34.0,
            0.0,
            -29.0,
            7.0,
            -15.0,
            -22.0,
            -5.0,
            51.0,
            63.0,
            2.0,
            23.0,
            99.0,
            -155.0,
            63.0,
            23.0,
            -8.0,
            17.0,
            -11.0,
            18.0,
            -37.0,
            19.0,
            4.0,
            -20.0,
            -3.0,
            -28.0,
            7.0,
            19.0,
            13.0,
            -6.0,
            -19.0,
            80.0,
            -28.0,
            26.0,
            -30.0,
            -40.0,
            -20.0,
            -12.0,
            -23.0,
            -3.0,
            45.0,
            44.0,
            -110.0,
            -2.0
        ],
        "y": [
            -23.0,
            -9.0,
            -9.0,
            31.0,
            -19.0,
            -1.0,
            2.0,
            14.0,
            26.4344,
            8.0,
            -6.9703,
            1.0,
            4.0,
            19.0,
            -18.0,
            3.0106,
            94.0,
            -9.3676,
            -11.0,
            -17.0,
            -1.0,
            -4.0478,
            112.0,
            -21.9853,
            4.0,
            -5.0,
            -74.0,
            -13.5621,
            -9.9412,
            -18.0,
            -0.9543,
            -6.0,
            -11.0,
            3.0443,
            -37.0057,
            -75.0,
            -17.0,
            67.0,
            -41.9956,
            143.0,
            -25.0,
            -23.0,
            2.0,
            -6.9943,
            47.0796,
            -4.0,
            -6.9703,
            64.0,
            -4.0,
            -1.9596,
            -26.0,
            -30.0067,
            42.1294,
            -4.23,
            133.0,
            -15.9044,
            13.0,
            -13.0,
            -15.0,
            0.9815,
            -2.0055,
            -1.0343,
            2.0,
            6.2273,
            15.8943,
            -6.0,
            16.0,
            -6.9703,
            -4.0,
            31.0,
            110.0,
            54.0,
            -30.0067,
            -4.0,
            -53.0,
            -5.0345,
            -1.8397,
            40.0,
            -5.0,
            7.8413,
            -22.0,
            -98.0,
            -15.9044,
            -1.9898,
            133.0,
            -20.0,
            -6.0043,
            -15.0,
            -39.0,
            -69.0,
            -13.0,
            16.0116,
            -17.0,
            -23.0,
            -6.9851,
            181.0,
            -22.0,
            2.0,
            -14.0,
            16.0,
            196.0,
            20.0,
            24.0,
            -29.0244,
            16.0116,
            -1.0,
            -31.0,
            -6.0,
            1.0,
            59.0,
            -6.1402,
            -11.0,
            17.9839,
            10.0,
            52.0,
            -12.0048,
            -29.0,
            41.0,
            2.0,
            5.064,
            33.8759,
            41.0,
            -11.0,
            -15.0,
            -15.0,
            8.0,
            0.9865,
            -3.2642,
            41.0,
            -6.0,
            1.0,
            20.0,
            -88.0,
            5.0248,
            16.0,
            -4.0,
            -30.0067,
            -13.0,
            -10.0,
            -26.0,
            -1.0,
            -65.0,
            -3.0275,
            -16.0,
            -37.0,
            -12.7313,
            35.9843,
            -11.0,
            13.0,
            26.0,
            -9.0,
            6.0041,
            -19.0,
            -11.0,
            118.0,
            -2.0,
            -13.0,
            -1.0309,
            24.0,
            -33.0,
            120.0,
            -22.0,
            4.0,
            -1.0309,
            -14.0,
            13.0,
            -14.0059,
            -22.0,
            19.0,
            43.8439,
            23.0,
            -4.8624,
            -0.9543,
            -28.0,
            -4.0478,
            -11.0244,
            24.0,
            -53.0,
            137.0,
            23.0,
            -6.0043,
            -75.0,
            -11.0244,
            -18.0,
            -13.0,
            -2.0111,
            1.3399,
            -0.2343,
            -9.0,
            -7.0,
            -20.0,
            -34.0247,
            -22.0,
            51.0,
            9.0,
            5.0,
            5.0,
            -74.0,
            4.0,
            27.0,
            2.0,
            42.1294,
            8.9693,
            -151.0,
            29.0,
            15.0,
            3.0443,
            7.0,
            -14.0,
            5.0,
            -44.0,
            -8.0,
            5.0,
            -5.0,
            13.0,
            1.0,
            -9.1415,
            5.0248,
            8.0,
            -14.0,
            40.0,
            6.0,
            0.0,
            10.0,
            23.0,
            30.0,
            20.0,
            45.0,
            -35.0,
            14.0,
            -16.0,
            -14.0,
            -66.0,
            29.0,
            -8.0,
            15.0,
            42.0,
            -16.0,
            16.0606,
            0.0,
            -3.0275,
            -29.0244,
            -49.0,
            -33.0124,
            -9.0,
            36.0123,
            -10.0,
            -4.8624,
            -0.2343,
            -1.0,
            19.0,
            47.0,
            152.0,
            -12.0,
            42.1294,
            45.0,
            -18.0,
            -151.0,
            -23.0,
            12.0,
            -22.0,
            -5.0,
            -6.0,
            -24.0,
            -32.0,
            -37.0057,
            -9.9964,
            -13.0,
            18.0,
            -24.0,
            20.0,
            -3.0994,
            -12.0,
            -16.0,
            2.0,
            -50.0,
            8.0093,
            -10.0,
            -63.0,
            -1.9898,
            -9.0,
            0.0,
            2.0,
            -17.0,
            -30.0,
            71.0,
            -16.0,
            -3.9511,
            3.0443,
            6.0287,
            7.0,
            -16.0,
            -3.0,
            5.064,
            78.0,
            8.904,
            -1.0309,
            16.0,
            -12.0,
            22.0,
            -26.0,
            -14.0059,
            2.0,
            25.0,
            -20.0,
            41.0,
            -2.0,
            -32.9951,
            15.0,
            122.0,
            -69.0,
            8.0,
            -4.8624,
            -24.0,
            -4.0,
            -15.0,
            -6.0,
            61.0,
            -3.9511,
            3.0,
            -34.0,
            10.0,
            -16.0,
            30.9426,
            -18.0,
            -23.0,
            19.0,
            -32.0,
            10.0,
            -1.0,
            24.0,
            -18.0,
            33.0071,
            111.0,
            8.5713,
            -5.9536,
            88.99,
            6.0,
            10.0,
            -19.0,
            -1.0,
            -32.015,
            -37.0,
            -11.0,
            22.0,
            59.0,
            45.0,
            30.9436,
            1.0585,
            -9.0,
            -34.0247,
            7.0,
            -8.0,
            2.9463,
            -22.0,
            13.0,
            18.0,
            -24.0,
            -4.0,
            -1.0,
            -37.0,
            23.0,
            -15.0,
            -8.0,
            196.0,
            -23.0,
            -88.0,
            7.0,
            4.0,
            -33.0,
            20.0,
            -57.0,
            2.5573,
            16.0,
            3.8763,
            -24.0,
            -12.9767,
            -12.0048,
            -54.0,
            -3.2642,
            -79.0,
            -22.0,
            -2.0,
            16.0116,
            3.0,
            -19.0,
            16.0,
            -8.0,
            -2.9955,
            13.0,
            21.0,
            -40.0,
            18.0,
            -58.0,
            8.0,
            -12.0048,
            -5.0,
            10.0,
            -1.9898,
            -6.1402,
            -9.0129,
            13.0,
            -35.0,
            4.0,
            16.0,
            -3.0,
            -2.0,
            0.0,
            -60.0,
            -15.0,
            -11.0,
            -11.0,
            -23.0,
            -35.0,
            16.0,
            -9.0,
            -11.8989,
            7.8413,
            -12.0048,
            122.0,
            -17.0,
            14.0,
            0.0,
            -13.7636,
            -41.0056,
            -75.0,
            -12.0,
            119.0,
            41.0,
            13.0,
            -30.0,
            -19.0,
            -71.0,
            -13.0,
            -5.0345,
            -0.9543,
            16.0116,
            43.0507,
            -27.0,
            -19.0,
            -11.0,
            -14.0,
            73.0,
            -58.0,
            -5.0,
            -9.0,
            29.0,
            14.0,
            6.0,
            16.0,
            -4.0,
            -21.9853,
            -6.9703,
            -110.0,
            2.0,
            -10.0,
            33.0663,
            -14.0,
            -3.0,
            7.0,
            -23.0,
            -6.0043,
            30.0,
            8.0,
            -4.0,
            -5.0,
            -19.0,
            -79.0,
            -63.0,
            -2.9385,
            -98.0,
            -2.9955,
            13.0,
            -1.0,
            47.0,
            8.0,
            -6.0429,
            -28.0,
            -22.0,
            -8.0,
            6.0041,
            -11.0,
            -3.0,
            47.0,
            2.5573,
            21.0,
            35.0,
            13.0,
            -21.9853,
            17.0,
            -16.0,
            8.904,
            99.0,
            -10.0,
            4.0,
            20.0,
            4.0,
            94.0,
            -3.0275,
            -13.0,
            -20.0,
            -9.1415,
            0.0,
            3.8763,
            4.0,
            -18.0,
            6.2273,
            -1.8397,
            -4.0,
            -49.0,
            -24.0,
            -13.0,
            -5.0,
            -18.0,
            -6.1402,
            -15.0,
            -35.2464,
            13.0,
            -9.3572,
            3.8763,
            -41.0056,
            -35.0,
            -6.1402,
            30.0,
            -14.0,
            -22.0,
            -7.6332,
            5.0,
            -3.2642,
            -8.0,
            6.0041,
            4.7306,
            16.0,
            25.0,
            31.0,
            -4.0,
            36.0,
            1.7178,
            21.0,
            -39.0,
            -16.0,
            -13.0,
            -88.0,
            -1.0,
            0.9865,
            -16.0,
            13.0,
            -4.0,
            -12.0015,
            -151.0,
            -54.0,
            -4.0,
            -9.9845,
            -11.0,
            -36.0,
            -37.7664,
            13.0,
            -36.0,
            6.0287,
            1.0,
            -3.9592,
            31.0,
            -11.0,
            -18.0,
            -35.0,
            -98.0,
            0.9865,
            -2.9398,
            -10.0,
            42.0,
            17.8325,
            -11.0,
            -5.0,
            -1.0024,
            -14.0059,
            27.0,
            -2.0111,
            -10.0,
            -41.0056,
            -12.0048,
            -9.9412,
            -7.7989,
            14.0,
            -16.0,
            -31.0,
            -53.0,
            -8.0,
            4.0,
            5.0248,
            2.0,
            -57.0,
            4.7306,
            35.9843,
            18.0,
            22.0,
            -9.9964,
            61.0,
            -28.0,
            12.0,
            -28.0,
            0.9865,
            75.0,
            -12.0,
            2.0,
            -34.0,
            6.9887,
            1.9874,
            -34.0,
            -22.0,
            -21.9853,
            -18.0,
            26.0,
            -6.0,
            -14.0,
            118.0,
            -10.0,
            -16.0,
            6.2107,
            20.0,
            -42.0,
            -32.0,
            62.0,
            -29.0,
            -3.0,
            -2.9955,
            1.0,
            -1.0,
            -5.9536,
            7.0,
            -16.0,
            -11.0,
            -13.0,
            -11.0,
            -58.0,
            -14.0,
            26.4344,
            -15.0,
            118.0,
            -12.0048,
            -13.0,
            -3.9511,
            25.0,
            151.0,
            8.0093,
            45.0,
            45.0,
            -56.0,
            5.0,
            -9.9845,
            -3.0,
            8.9693,
            -10.0,
            -8.0,
            -10.0,
            -26.0,
            -13.0,
            -8.0,
            80.986,
            -43.0,
            -36.0,
            46.0,
            8.5713,
            -11.0,
            36.0,
            -10.0,
            36.0,
            -8.0,
            -13.0,
            -14.0,
            -23.0,
            2.0,
            45.0,
            -27.0,
            13.0,
            28.0206,
            -24.0,
            -15.0,
            -30.0,
            -29.0,
            15.0,
            -35.0,
            -5.0,
            -55.0,
            -49.0,
            -12.9378,
            6.0287,
            39.0,
            -27.0,
            15.0,
            -74.0,
            -22.0,
            17.9839,
            -24.0,
            67.0,
            -6.9851,
            -11.0,
            64.0,
            -8.0,
            3.0,
            -6.9851,
            1.0,
            5.0,
            19.0,
            16.0606,
            -3.0,
            10.0,
            0.0,
            -24.0,
            -9.3374,
            1.7178,
            -30.0,
            7.0,
            -5.0,
            -21.9853,
            1.3399,
            5.0,
            0.0,
            -1.8397,
            -130.0,
            20.0,
            3.0106,
            -8.0,
            45.0,
            -7.3632,
            1.0,
            47.9196,
            -12.9767,
            16.0116,
            -30.0,
            63.0,
            -15.0,
            -13.0,
            -16.0,
            -3.0,
            -37.0,
            219.0,
            -9.0,
            16.0,
            0.0,
            -28.0,
            3.0,
            17.0325,
            -11.9645,
            118.0,
            5.9848,
            0.9865,
            20.0,
            -14.0,
            30.0,
            49.0,
            -10.0,
            20.0,
            -22.0,
            15.0,
            111.0,
            -0.2343,
            175.0,
            7.0,
            -18.0,
            -8.0,
            2.5573,
            -4.8624,
            -30.0,
            -15.9044,
            7.0,
            -8.0,
            -104.0,
            33.0086,
            2.0,
            -11.0,
            -14.0,
            -1.0,
            -43.0,
            -21.0299,
            -15.0,
            -10.0,
            -1.0309,
            45.0,
            -21.972,
            -55.0,
            0.0,
            33.0071,
            5.0,
            4.0,
            143.0,
            -3.0,
            13.0,
            -23.0,
            3.0,
            13.0,
            -12.9767,
            -37.0,
            -15.0,
            59.0,
            -11.0,
            62.0,
            118.0,
            5.0,
            -13.0,
            48.0,
            -54.0,
            3.0,
            -10.0,
            28.8494,
            87.9877,
            7.8413,
            -29.0,
            80.006,
            -14.0,
            27.0,
            -94.0,
            -13.0,
            -1.8397,
            -12.0,
            20.0,
            13.0,
            -6.0775,
            163.0,
            -6.9703,
            -35.2464,
            151.0,
            31.0,
            1.0585,
            -13.0,
            0.0,
            35.0,
            -3.0,
            35.0,
            -3.9296,
            4.0,
            -193.0,
            18.0,
            -7.6332,
            -54.0,
            -22.0,
            -4.8624,
            -27.0,
            -4.0,
            -50.0,
            19.0,
            -15.0,
            -15.0,
            -4.0,
            -24.0,
            20.0,
            -9.3572,
            -24.0,
            -5.0,
            89.9964,
            49.0,
            -9.0,
            -9.0,
            -7.7379,
            -34.0,
            16.0,
            -6.0,
            -15.0,
            249.0,
            -13.0,
            -30.0,
            -37.0,
            -9.0,
            67.0,
            2.9463,
            -16.0,
            -32.9951,
            119.0,
            -49.0,
            0.0,
            -6.1402,
            -4.23,
            -15.0,
            127.0,
            4.0,
            0.9815,
            -22.0,
            -10.0,
            13.0,
            -14.0,
            -13.0,
            -23.0,
            36.0123,
            45.0,
            2.0,
            12.0,
            219.0,
            9.0,
            -15.0,
            -5.0,
            -16.0,
            58.0,
            -16.0,
            -35.0,
            -9.0,
            32.184,
            -7.3632,
            -8.0,
            28.0,
            -5.0545,
            15.0,
            19.0,
            0.0,
            9.0,
            -10.0,
            -29.0,
            111.0,
            -7.7989,
            30.0,
            -21.9853,
            10.0,
            12.0,
            -75.0,
            13.0,
            7.0,
            -52.0,
            3.0106,
            5.0,
            -39.0,
            -22.0,
            1.9874,
            0.0,
            -28.0,
            89.9964,
            -28.0,
            -18.0,
            -10.0,
            30.0,
            -2.0,
            8.5713,
            -32.0,
            -11.0,
            -5.0,
            2.0,
            -10.0,
            67.0,
            -1.0,
            4.0,
            -6.0,
            7.0,
            3.0106,
            -15.9859,
            -22.0,
            120.0,
            -6.0,
            53.0,
            -20.0,
            -10.0,
            28.0,
            -110.0,
            -12.0,
            -23.0,
            -10.0,
            -12.0015,
            -94.0,
            -7.0,
            28.0206,
            -35.0,
            -34.0,
            0.3017,
            -29.0,
            7.0,
            -15.0,
            -22.0,
            -5.0,
            51.0,
            63.0,
            1.8373,
            23.0,
            99.0,
            -155.0,
            63.0,
            23.0,
            -8.0,
            17.0,
            -11.0,
            18.0,
            -37.0,
            19.0,
            4.0,
            -20.0,
            -2.9955,
            -28.0,
            7.0,
            19.0,
            13.0,
            -6.0,
            -19.0,
            80.006,
            -28.0,
            26.0,
            -30.0,
            -40.0,
            -20.0,
            -12.0,
            -23.0,
            -3.0275,
            45.0,
            44.0,
            -110.0,
            -1.8397
        ]
    },
    "globalMetrics": {
        "testWeight": 20088,
        "targetAvg": [
            0.5344982078853047
        ],
        "targetStd": [
            44.53757027124973
        ],
        "predictionAvg": [
            0.5339401902273483
        ],
        "predictionStd": [
            44.53509245807303
        ]
    },
    "predictionPDF": {
        "x": [
            -369.0,
            -362.75757575757575,
            -356.5151515151515,
            -350.27272727272725,
            -344.030303030303,
            -337.7878787878788,
            -331.54545454545456,
            -325.3030303030303,
            -319.06060606060606,
            -312.8181818181818,
            -306.57575757575756,
            -300.33333333333337,
            -294.0909090909091,
            -287.8484848484849,
            -281.6060606060606,
            -275.3636363636364,
            -269.1212121212121,
            -262.8787878787879,
            -256.6363636363636,
            -250.3939393939394,
            -244.15151515151516,
            -237.9090909090909,
            -231.66666666666669,
            -225.42424242424244,
            -219.1818181818182,
            -212.93939393939394,
            -206.6969696969697,
            -200.45454545454547,
            -194.21212121212122,
            -187.96969696969697,
            -181.72727272727275,
            -175.4848484848485,
            -169.24242424242425,
            -163.0,
            -156.75757575757575,
            -150.51515151515153,
            -144.27272727272728,
            -138.03030303030303,
            -131.7878787878788,
            -125.54545454545456,
            -119.30303030303031,
            -113.06060606060606,
            -106.81818181818181,
            -100.57575757575756,
            -94.33333333333337,
            -88.09090909090912,
            -81.84848484848487,
            -75.60606060606062,
            -69.36363636363637,
            -63.121212121212125,
            -56.878787878787875,
            -50.636363636363626,
            -44.39393939393938,
            -38.151515151515184,
            -31.909090909090935,
            -25.666666666666686,
            -19.424242424242436,
            -13.181818181818187,
            -6.939393939393938,
            -0.6969696969696884,
            5.545454545454504,
            11.787878787878753,
            18.030303030303003,
            24.272727272727252,
            30.5151515151515,
            36.75757575757575,
            43.0,
            49.24242424242425,
            55.4848484848485,
            61.72727272727269,
            67.96969696969694,
            74.21212121212119,
            80.45454545454544,
            86.69696969696969,
            92.93939393939394,
            99.18181818181819,
            105.42424242424238,
            111.66666666666663,
            117.90909090909088,
            124.15151515151513,
            130.39393939393938,
            136.63636363636363,
            142.87878787878788,
            149.12121212121212,
            155.36363636363637,
            161.60606060606062,
            167.84848484848487,
            174.09090909090912,
            180.33333333333326,
            186.5757575757575,
            192.81818181818176,
            199.060606060606,
            205.30303030303025,
            211.5454545454545,
            217.78787878787875,
            224.030303030303,
            230.27272727272725,
            236.5151515151515,
            242.75757575757575,
            249.0
        ],
        "pdf": [
            8.410481999931497e-05,
            5.015619348358077e-05,
            1.063740315422513e-05,
            8.023318562918323e-07,
            2.1521860876631164e-08,
            2.0531135538400596e-10,
            6.965689995689697e-13,
            2.3542989214640446e-14,
            1.0725423626826312e-11,
            1.8020275376954846e-09,
            1.0767522138603679e-07,
            2.288113113492843e-06,
            1.7292053622803236e-05,
            4.64753879669808e-05,
            4.4422893275386835e-05,
            1.5100732855265098e-05,
            1.8255619498136133e-06,
            7.848817917969318e-08,
            1.3054814727340065e-09,
            1.2594358308969283e-08,
            5.444565425974562e-07,
            8.556547737428268e-06,
            4.9006303079942814e-05,
            0.00010250137531539518,
            7.84085830361966e-05,
            2.348593493875151e-05,
            2.0090740292714847e-05,
            7.424087918784259e-05,
            0.0001160851052689102,
            6.86885322042387e-05,
            1.5300844408334975e-05,
            1.6333060166238973e-06,
            7.2467113055641225e-06,
            5.392549696104655e-05,
            0.00015524461917327563,
            0.00017391547618468925,
            8.16254804586817e-05,
            5.544859224062167e-05,
            0.00010974278548912561,
            0.00013073714975268315,
            0.0001365074843755494,
            0.00020621134654849884,
            0.0002722112667099587,
            0.00028964461202758923,
            0.00033993483657072726,
            0.0004329308045136887,
            0.0005455558424346491,
            0.0007202459891217279,
            0.000805543272025726,
            0.0009562573516456637,
            0.001390483980432827,
            0.0017257183720898843,
            0.0024045245809712406,
            0.003954200910737802,
            0.005649676971222381,
            0.00785760330148337,
            0.011671108561696092,
            0.016548100268222628,
            0.019444343596940236,
            0.019045696346397724,
            0.01537610464012731,
            0.010688292414905782,
            0.007485260428725114,
            0.005159676032077167,
            0.003910821878997264,
            0.003439258199155447,
            0.003148307508368123,
            0.002625937623382634,
            0.002003871315220437,
            0.0015345927530340845,
            0.0010465345015384065,
            0.000676925381012613,
            0.0005193397619915179,
            0.0005076432868178399,
            0.0005539873180305741,
            0.0005360295784696922,
            0.0005249576691261472,
            0.0005882001596277909,
            0.0005808694582284779,
            0.0004354818206210617,
            0.0002929725151591813,
            0.0003054853410105155,
            0.00032765009987349036,
            0.00029304396687341065,
            0.00020901787832673074,
            0.00014499515348493654,
            0.00015174220691736064,
            0.00016383595548904957,
            0.00015832950799313356,
            0.0001319319586616841,
            0.0001242177213347,
            0.00012708121820300257,
            8.201261857685952e-05,
            4.923617067330973e-05,
            5.9492015129888044e-05,
            4.1736795377549123e-05,
            1.1254795769245034e-05,
            7.131776734277362e-06,
            2.896888269311926e-05,
            4.852239187013526e-05
        ]
    }
}