{
  "state": "DONE",
  "preSearchDescription": {
    "gridLength": 2,
    "searchStrategy": "GRID",
    "importantParams": [
      {
        "name": "trees",
        "vals": [
          "100"
        ]
      },
      {
        "name": "depth",
        "vals": [
          "6",
          "15"
        ]
      },
      {
        "name": "min_samples",
        "vals": [
          "10"
        ]
      }
    ]
  },
  "postSearchDescription": {
    "importantParams": [
      {
        "name": "trees",
        "val": "100"
      },
      {
        "name": "depth",
        "val": "15"
      },
      {
        "name": "min_samples",
        "val": "10"
      }
    ]
  },
  "resumed": false,
  "timeOrderingEnabled": false,
  "sampleWeightsEnabled": false,
  "modelId": "m1",
  "progress": {
    "top_level_todo": [],
    "stack": [],
    "top_level_done": [
      {
        "name": "Loading train set",
        "time": 1183
      },
      {
        "name": "Loading test set",
        "time": 340
      },
      {
        "name": "Collecting statistics",
        "time": 693
      },
      {
        "name": "Preprocessing train set",
        "time": 1804
      },
      {
        "name": "Preprocessing test set",
        "time": 534
      },
      {
        "name": "Hyperparameter searching",
        "time": 1095880
      },
      {
        "name": "Fitting model",
        "time": 308203
      },
      {
        "name": "Saving model",
        "time": 605
      },
      {
        "name": "Scoring model",
        "time": 8668
      },
      {
        "name": "Preparing explainability",
        "time": 51795
      }
    ]
  },
  "startTime": 1703015434196,
  "endTime": 1703016903987,
  "preprocessingTime": 4578,
  "trainingTime": 1465213,
  "hyperparamsSearchTime": 1095880,
  "pythonVersion": "3.7.13"
}