{
  "starred": false,
  "clusterMetas": {},
  "customMeta": {
    "kv": {}
  },
  "tags": [],
  "activeClassifierThreshold": 0.0,
  "description": "",
  "name": "Random forest (s1)",
  "labels": [
    {
      "key": "trainDataset:dataset-name",
      "value": "Coffee_combined"
    },
    {
      "key": "testDataset:dataset-name",
      "value": "Coffee_combined"
    },
    {
      "key": "evaluationDataset:dataset-name",
      "value": "Coffee_combined"
    },
    {
      "key": "model:algorithm",
      "value": "RANDOM_FOREST_REGRESSION"
    },
    {
      "key": "model:name",
      "value": "Random forest (s1)"
    },
    {
      "key": "model:date",
      "value": "2023-12-19T21:15:03.987+0100"
    },
    {
      "key": "evaluation:date",
      "value": "2023-12-19T21:15:03.987+0100"
    }
  ]
}