{
  "tags": {
    "ANALYSIS.uZrWVhW0": {
      "versionNumber": 0,
      "lastModifiedBy": {
        "login": "admin"
      },
      "lastModifiedOn": 1703015384538,
      "extendedProperties": {}
    },
    "DASHBOARD.rGBeiVL": {
      "versionNumber": 0,
      "lastModifiedBy": {
        "login": "admin"
      },
      "lastModifiedOn": 1702938983091,
      "extendedProperties": {}
    },
    "DATASET.Cheese": {
      "versionNumber": 1,
      "lastModifiedBy": {
        "login": "admin"
      },
      "lastModifiedOn": 1703019299452,
      "extendedProperties": {}
    },
    "DATASET.Cheese_coffeeLT_joined": {
      "versionNumber": 1,
      "lastModifiedBy": {
        "login": "admin"
      },
      "lastModifiedOn": 1703021673125,
      "extendedProperties": {}
    },
    "DATASET.Cheese_coffee_joined": {
      "versionNumber": 1,
      "lastModifiedBy": {
        "login": "admin"
      },
      "lastModifiedOn": 1703021833952,
      "extendedProperties": {}
    },
    "DATASET.Cheese_combined": {
      "versionNumber": 1,
      "lastModifiedBy": {
        "login": "admin"
      },
      "lastModifiedOn": 1703021486525,
      "extendedProperties": {}
    },
    "DATASET.Cheese_joined": {
      "versionNumber": 1,
      "lastModifiedBy": {
        "login": "admin"
      },
      "lastModifiedOn": 1703021833952,
      "extendedProperties": {}
    },
    "DATASET.CoffeeAndCodeLT2018": {
      "versionNumber": 1,
      "lastModifiedBy": {
        "login": "admin"
      },
      "lastModifiedOn": 1702979904785,
      "extendedProperties": {}
    },
    "DATASET.CoffeeAndCodeLT2018_prepared": {
      "versionNumber": 1,
      "lastModifiedBy": {
        "login": "admin"
      },
      "lastModifiedOn": 1702980003427,
      "extendedProperties": {}
    },
    "DATASET.CoffeeAndCodeLT2018_prepared_joined": {
      "versionNumber": 1,
      "lastModifiedBy": {
        "login": "admin"
      },
      "lastModifiedOn": 1702980031122,
      "extendedProperties": {}
    },
    "DATASET.CoffeeAndWorldCheese_prepared_joined": {
      "versionNumber": 1,
      "lastModifiedBy": {
        "login": "admin"
      },
      "lastModifiedOn": 1702980781745,
      "extendedProperties": {}
    },
    "DATASET.Coffee_Chain": {
      "versionNumber": 1,
      "lastModifiedBy": {
        "login": "admin"
      },
      "lastModifiedOn": 1702979919437,
      "extendedProperties": {}
    },
    "DATASET.Coffee_Chain_prepared": {
      "versionNumber": 0,
      "lastModifiedBy": {
        "login": "admin"
      },
      "lastModifiedOn": 1702979945404,
      "extendedProperties": {}
    },
    "DATASET.Coffee_Chain_prepared_joined": {
      "versionNumber": 1,
      "lastModifiedBy": {
        "login": "admin"
      },
      "lastModifiedOn": 1703021576255,
      "extendedProperties": {}
    },
    "DATASET.Coffee_combined": {
      "versionNumber": 1,
      "lastModifiedBy": {
        "login": "admin"
      },
      "lastModifiedOn": 1702982461102,
      "extendedProperties": {}
    },
    "DATASET.Coffee_combined_joined": {
      "versionNumber": 1,
      "lastModifiedBy": {
        "login": "admin"
      },
      "lastModifiedOn": 1702990527636,
      "extendedProperties": {}
    },
    "DATASET.Coffee_combined_stacked": {
      "versionNumber": 1,
      "lastModifiedBy": {
        "login": "admin"
      },
      "lastModifiedOn": 1703018618966,
      "extendedProperties": {}
    },
    "DATASET.Coffee_prepared_joined": {
      "versionNumber": 1,
      "lastModifiedBy": {
        "login": "admin"
      },
      "lastModifiedOn": 1702980031122,
      "extendedProperties": {}
    },
    "DATASET.Milk": {
      "versionNumber": 1,
      "lastModifiedBy": {
        "login": "admin"
      },
      "lastModifiedOn": 1703019153000,
      "extendedProperties": {}
    },
    "DATASET.Milk_cheese_and_eggs_prices": {
      "versionNumber": 1,
      "lastModifiedBy": {
        "login": "admin"
      },
      "lastModifiedOn": 1702979050614,
      "extendedProperties": {}
    },
    "DATASET.Milk_cheese_and_eggs_prices_prepared": {
      "versionNumber": 1,
      "lastModifiedBy": {
        "login": "admin"
      },
      "lastModifiedOn": 1702979160496,
      "extendedProperties": {}
    },
    "DATASET.Milk_cheese_and_eggs_prices_prepared_joined": {
      "versionNumber": 1,
      "lastModifiedBy": {
        "login": "admin"
      },
      "lastModifiedOn": 1702979286340,
      "extendedProperties": {}
    },
    "DATASET.cheese_combined": {
      "versionNumber": 1,
      "lastModifiedBy": {
        "login": "admin"
      },
      "lastModifiedOn": 1702979286340,
      "extendedProperties": {}
    },
    "DATASET.cleansingWine": {
      "versionNumber": 1,
      "lastModifiedBy": {
        "login": "admin"
      },
      "lastModifiedOn": 1702942253293,
      "extendedProperties": {}
    },
    "DATASET.cleansingWine_prepared": {
      "versionNumber": 4,
      "lastModifiedBy": {
        "login": "admin"
      },
      "lastModifiedOn": 1702974232867,
      "extendedProperties": {}
    },
    "DATASET.cleansingWine_prepared_joined": {
      "versionNumber": 1,
      "lastModifiedBy": {
        "login": "admin"
      },
      "lastModifiedOn": 1702974439228,
      "extendedProperties": {}
    },
    "DATASET.cleansingWine_prepared_joined2": {
      "versionNumber": 1,
      "lastModifiedBy": {
        "login": "admin"
      },
      "lastModifiedOn": 1702975430599,
      "extendedProperties": {}
    },
    "DATASET.project_config_datasets_CoffeeAndCodeLT2018_prepared": {
      "versionNumber": 1,
      "lastModifiedBy": {
        "login": "admin"
      },
      "lastModifiedOn": 1702979677105,
      "extendedProperties": {}
    },
    "DATASET.project_config_datasets_CoffeeAndCodeLT2018_prepared_joined": {
      "versionNumber": 1,
      "lastModifiedBy": {
        "login": "admin"
      },
      "lastModifiedOn": 1702979681012,
      "extendedProperties": {}
    },
    "DATASET.project_config_datasets_Coffee_Chain": {
      "versionNumber": 1,
      "lastModifiedBy": {
        "login": "admin"
      },
      "lastModifiedOn": 1702979683732,
      "extendedProperties": {}
    },
    "DATASET.project_config_datasets_Coffee_Chain_prepared": {
      "versionNumber": 1,
      "lastModifiedBy": {
        "login": "admin"
      },
      "lastModifiedOn": 1702979686987,
      "extendedProperties": {}
    },
    "DATASET.wine_cheese": {
      "versionNumber": 1,
      "lastModifiedBy": {
        "login": "admin"
      },
      "lastModifiedOn": 1703183980524,
      "extendedProperties": {}
    },
    "DATASET.wine_combined": {
      "versionNumber": 1,
      "lastModifiedBy": {
        "login": "admin"
      },
      "lastModifiedOn": 1702975430599,
      "extendedProperties": {}
    },
    "DATASET.wineprice": {
      "versionNumber": 1,
      "lastModifiedBy": {
        "login": "admin"
      },
      "lastModifiedOn": 1702942077363,
      "extendedProperties": {}
    },
    "DATASET.wineprice_prepared": {
      "versionNumber": 3,
      "lastModifiedBy": {
        "login": "admin"
      },
      "lastModifiedOn": 1702975351510,
      "extendedProperties": {}
    },
    "DATASET.wineprice_prepared_joined": {
      "versionNumber": 1,
      "lastModifiedBy": {
        "login": "admin"
      },
      "lastModifiedOn": 1702973215323,
      "extendedProperties": {}
    },
    "DATASET.wineprice_worldcheese_joined": {
      "versionNumber": 1,
      "lastModifiedBy": {
        "login": "admin"
      },
      "lastModifiedOn": 1703021995382,
      "extendedProperties": {}
    },
    "DATASET.world_cheese_awards_2021": {
      "versionNumber": 1,
      "lastModifiedBy": {
        "login": "admin"
      },
      "lastModifiedOn": 1702979071781,
      "extendedProperties": {}
    },
    "DATASET.world_cheese_awards_2021_prepared": {
      "versionNumber": 1,
      "lastModifiedBy": {
        "login": "admin"
      },
      "lastModifiedOn": 1702979254965,
      "extendedProperties": {}
    },
    "PROJECT.WINEPRICE": {
      "versionNumber": 23,
      "lastModifiedBy": {
        "login": "admin"
      },
      "lastModifiedOn": 1703022410585,
      "extendedProperties": {}
    },
    "RECIPE.compute_Cheese": {
      "versionNumber": 59,
      "lastModifiedBy": {
        "login": "admin"
      },
      "lastModifiedOn": 1703021276548,
      "extendedProperties": {}
    },
    "RECIPE.compute_Cheese_combined": {
      "versionNumber": 1,
      "lastModifiedBy": {
        "login": "admin"
      },
      "lastModifiedOn": 1703021493729,
      "extendedProperties": {}
    },
    "RECIPE.compute_Cheese_joined": {
      "versionNumber": 2,
      "lastModifiedBy": {
        "login": "admin"
      },
      "lastModifiedOn": 1703021815716,
      "extendedProperties": {}
    },
    "RECIPE.compute_Cheese_joined_1": {
      "versionNumber": 2,
      "lastModifiedBy": {
        "login": "admin"
      },
      "lastModifiedOn": 1703021945354,
      "extendedProperties": {}
    },
    "RECIPE.compute_CoffeeAndCodeLT2018_prepared": {
      "versionNumber": 2,
      "lastModifiedBy": {
        "login": "admin"
      },
      "lastModifiedOn": 1702980006688,
      "extendedProperties": {}
    },
    "RECIPE.compute_CoffeeAndCodeLT2018_prepared_joined": {
      "versionNumber": 3,
      "lastModifiedBy": {
        "login": "admin"
      },
      "lastModifiedOn": 1702980926988,
      "extendedProperties": {}
    },
    "RECIPE.compute_CoffeeAndWorldCheese_prepared_joined": {
      "versionNumber": 2,
      "lastModifiedBy": {
        "login": "admin"
      },
      "lastModifiedOn": 1702980802427,
      "extendedProperties": {}
    },
    "RECIPE.compute_Coffee_Chain_prepared": {
      "versionNumber": 1,
      "lastModifiedBy": {
        "login": "admin"
      },
      "lastModifiedOn": 1702979966494,
      "extendedProperties": {}
    },
    "RECIPE.compute_Coffee_Chain_prepared_joined": {
      "versionNumber": 1,
      "lastModifiedBy": {
        "login": "admin"
      },
      "lastModifiedOn": 1703021584773,
      "extendedProperties": {}
    },
    "RECIPE.compute_Coffee_combined": {
      "versionNumber": 1,
      "lastModifiedBy": {
        "login": "admin"
      },
      "lastModifiedOn": 1702982476967,
      "extendedProperties": {}
    },
    "RECIPE.compute_Coffee_combined_joined": {
      "versionNumber": 1,
      "lastModifiedBy": {
        "login": "admin"
      },
      "lastModifiedOn": 1702990540760,
      "extendedProperties": {}
    },
    "RECIPE.compute_Coffee_combined_stacked": {
      "versionNumber": 1,
      "lastModifiedBy": {
        "login": "admin"
      },
      "lastModifiedOn": 1703018630331,
      "extendedProperties": {}
    },
    "RECIPE.compute_Milk": {
      "versionNumber": 1,
      "lastModifiedBy": {
        "login": "admin"
      },
      "lastModifiedOn": 1703019143151,
      "extendedProperties": {}
    },
    "RECIPE.compute_Milk_cheese_and_eggs_prices_prepared": {
      "versionNumber": 1,
      "lastModifiedBy": {
        "login": "admin"
      },
      "lastModifiedOn": 1702979160706,
      "extendedProperties": {}
    },
    "RECIPE.compute_Milk_cheese_and_eggs_prices_prepared_joined": {
      "versionNumber": 2,
      "lastModifiedBy": {
        "login": "admin"
      },
      "lastModifiedOn": 1702980952742,
      "extendedProperties": {}
    },
    "RECIPE.compute_cleansingWine_prepared": {
      "versionNumber": 5,
      "lastModifiedBy": {
        "login": "admin"
      },
      "lastModifiedOn": 1702974257528,
      "extendedProperties": {}
    },
    "RECIPE.compute_cleansingWine_prepared_joined": {
      "versionNumber": 1,
      "lastModifiedBy": {
        "login": "admin"
      },
      "lastModifiedOn": 1702974532907,
      "extendedProperties": {}
    },
    "RECIPE.compute_cleansingWine_prepared_joined2": {
      "versionNumber": 2,
      "lastModifiedBy": {
        "login": "admin"
      },
      "lastModifiedOn": 1702982640159,
      "extendedProperties": {}
    },
    "RECIPE.compute_wine_cheese": {
      "versionNumber": 1,
      "lastModifiedBy": {
        "login": "admin"
      },
      "lastModifiedOn": 1703183998446,
      "extendedProperties": {}
    },
    "RECIPE.compute_wineprice_prepared": {
      "versionNumber": 3,
      "lastModifiedBy": {
        "login": "admin"
      },
      "lastModifiedOn": 1702975351729,
      "extendedProperties": {}
    },
    "RECIPE.compute_wineprice_prepared_joined": {
      "versionNumber": 1,
      "lastModifiedBy": {
        "login": "admin"
      },
      "lastModifiedOn": 1702973249617,
      "extendedProperties": {}
    },
    "RECIPE.compute_wineprice_worldcheese_joined": {
      "versionNumber": 3,
      "lastModifiedBy": {
        "login": "admin"
      },
      "lastModifiedOn": 1703022361850,
      "extendedProperties": {}
    },
    "RECIPE.compute_world_cheese_awards_2021_prepared": {
      "versionNumber": 2,
      "lastModifiedBy": {
        "login": "admin"
      },
      "lastModifiedOn": 1702979257627,
      "extendedProperties": {}
    }
  }
}